unitid,state,cip_code,cip_group,completions_masters,completions_masters_second_major,completions_masters_nonresident,imputation_flag,data_year
100706,AL,52.1301,mgmt_sci,58,0,49,R,2023-24
100751,AL,27.0601,stats,11,0,0,R,2023-24
100751,AL,30.7102,analytics,2,0,1,R,2023-24
100751,AL,45.0603,econ,15,0,0,R,2023-24
100751,AL,52.1301,mgmt_sci,15,0,3,R,2023-24
100830,AL,45.0603,econ,4,0,1,R,2023-24
100858,AL,27.0501,stats,9,0,9,R,2023-24
101189,AL,52.1301,mgmt_sci,58,0,4,R,2023-24
102234,AL,52.1301,mgmt_sci,2,0,0,R,2023-24
102614,AK,27.0501,stats,6,0,2,R,2023-24
104151,AZ,27.0501,stats,10,0,2,R,2023-24
104151,AZ,30.7101,analytics,1,0,1,R,2023-24
104151,AZ,45.0603,econ,2,0,2,R,2023-24
104151,AZ,52.1301,mgmt_sci,526,0,322,R,2023-24
104151,AZ,52.1304,mgmt_sci,8,0,0,R,2023-24
104151,AZ,52.1399,mgmt_sci,57,0,7,R,2023-24
104179,AZ,27.0501,stats,7,0,4,R,2023-24
104179,AZ,30.7001,ds,43,0,28,R,2023-24
104179,AZ,45.0603,econ,12,0,6,R,2023-24
104179,AZ,52.1399,mgmt_sci,102,0,19,R,2023-24
104717,AZ,27.0501,stats,31,0,5,R,2023-24
104717,AZ,52.1301,mgmt_sci,103,0,54,R,2023-24
105330,AZ,27.0501,stats,8,0,5,R,2023-24
105330,AZ,30.7102,analytics,12,0,8,R,2023-24
106245,AR,52.1301,mgmt_sci,15,0,12,R,2023-24
106397,AR,27.0501,stats,14,0,3,R,2023-24
106397,AR,45.0603,econ,8,0,1,R,2023-24
106397,AR,52.1301,mgmt_sci,73,0,21,R,2023-24
106458,AR,27.0501,stats,3,0,1,R,2023-24
106458,AR,52.1301,mgmt_sci,162,0,21,R,2023-24
106458,AR,52.1399,mgmt_sci,14,0,2,R,2023-24
106704,AR,52.1301,mgmt_sci,17,0,9,R,2023-24
109785,CA,27.0501,stats,4,0,3,R,2023-24
110370,CA,52.1301,mgmt_sci,17,0,6,R,2023-24
110404,CA,45.0603,econ,11,0,9,R,2023-24
110413,CA,45.0603,econ,3,0,0,R,2023-24
110413,CA,52.1301,mgmt_sci,7,0,1,R,2023-24
110422,CA,27.0501,stats,1,0,0,R,2023-24
110422,CA,45.0603,econ,20,0,2,R,2023-24
110422,CA,52.1301,mgmt_sci,51,0,10,R,2023-24
110468,CA,52.1301,mgmt_sci,8,0,8,R,2023-24
110529,CA,52.1301,mgmt_sci,35,0,16,R,2023-24
110565,CA,27.0501,stats,15,0,0,R,2023-24
110565,CA,45.0603,econ,9,0,2,R,2023-24
110574,CA,27.0501,stats,43,0,25,R,2023-24
110574,CA,45.0603,econ,3,0,1,R,2023-24
110574,CA,52.1301,mgmt_sci,153,0,143,R,2023-24
110583,CA,27.0599,stats,17,0,2,R,2023-24
110583,CA,30.7104,analytics,22,2,4,R,2023-24
110583,CA,52.1399,mgmt_sci,19,0,12,R,2023-24
110635,CA,27.0501,stats,42,0,25,R,2023-24
110635,CA,45.0603,econ,1,0,1,R,2023-24
110635,CA,52.1301,mgmt_sci,583,0,175,R,2023-24
110644,CA,27.0501,stats,42,0,29,R,2023-24
110644,CA,45.0603,econ,22,0,12,R,2023-24
110644,CA,52.1301,mgmt_sci,351,0,23,R,2023-24
110644,CA,52.1399,mgmt_sci,88,0,71,R,2023-24
110653,CA,27.0501,stats,22,0,11,R,2023-24
110653,CA,45.0603,econ,13,0,6,R,2023-24
110653,CA,52.1301,mgmt_sci,188,0,122,R,2023-24
110653,CA,52.1399,mgmt_sci,77,0,36,R,2023-24
110662,CA,27.0501,stats,19,0,6,R,2023-24
110662,CA,27.0599,stats,35,0,18,R,2023-24
110662,CA,45.0603,econ,133,0,105,R,2023-24
110662,CA,52.1301,mgmt_sci,737,0,181,R,2023-24
110662,CA,52.1304,mgmt_sci,89,0,78,R,2023-24
110662,CA,52.1399,mgmt_sci,93,0,55,R,2023-24
110671,CA,27.0501,stats,3,0,3,R,2023-24
110671,CA,45.0603,econ,5,0,3,R,2023-24
110671,CA,52.1399,mgmt_sci,64,0,46,R,2023-24
110680,CA,27.0501,stats,9,0,5,R,2023-24
110680,CA,30.7001,ds,73,0,46,R,2023-24
110680,CA,45.0603,econ,11,0,5,R,2023-24
110680,CA,52.1301,mgmt_sci,109,0,36,R,2023-24
110680,CA,52.1399,mgmt_sci,179,0,118,R,2023-24
110705,CA,27.0501,stats,20,0,11,R,2023-24
110705,CA,30.7001,ds,28,0,1,R,2023-24
110705,CA,45.0603,econ,13,0,9,R,2023-24
110705,CA,52.1301,mgmt_sci,43,0,28,R,2023-24
110705,CA,52.1304,mgmt_sci,6,0,4,R,2023-24
110714,CA,27.0502,stats,3,0,2,R,2023-24
110714,CA,45.0603,econ,26,0,14,R,2023-24
111948,CA,45.0603,econ,5,0,2,R,2023-24
111948,CA,52.1301,mgmt_sci,52,0,5,R,2023-24
111948,CA,52.1399,mgmt_sci,8,0,0,R,2023-24
112251,CA,27.0601,stats,1,0,0,R,2023-24
112251,CA,45.0603,econ,10,0,5,R,2023-24
112251,CA,52.1301,mgmt_sci,4,0,4,R,2023-24
112251,CA,52.1399,mgmt_sci,5,0,2,R,2023-24
113698,CA,52.1302,mgmt_sci,15,0,7,R,2023-24
113698,CA,52.1399,mgmt_sci,11,0,1,R,2023-24
115083,CA,30.7102,analytics,18,0,5,R,2023-24
115083,CA,52.1302,mgmt_sci,42,0,18,R,2023-24
115083,CA,52.1399,mgmt_sci,4,0,3,R,2023-24
117140,CA,30.7101,analytics,26,0,15,R,2023-24
117946,CA,52.1301,mgmt_sci,20,0,9,R,2023-24
117946,CA,52.1399,mgmt_sci,16,0,3,R,2023-24
119605,CA,27.0501,stats,21,0,0,R,2023-24
120184,CA,52.1301,mgmt_sci,4,0,4,R,2023-24
120883,CA,30.7001,ds,32,0,26,R,2023-24
120883,CA,30.7102,analytics,63,0,58,R,2023-24
121150,CA,52.1301,mgmt_sci,108,0,59,R,2023-24
121628,CA,45.0603,econ,26,0,6,R,2023-24
121691,CA,52.1301,mgmt_sci,15,0,1,R,2023-24
122409,CA,27.0501,stats,19,0,4,R,2023-24
122409,CA,52.1301,mgmt_sci,41,0,29,R,2023-24
122436,CA,30.7001,ds,47,0,0,R,2023-24
122436,CA,30.7102,analytics,40,0,7,R,2023-24
122436,CA,52.1301,mgmt_sci,4,0,3,R,2023-24
122597,CA,27.0501,stats,11,0,7,R,2023-24
122597,CA,45.0603,econ,13,0,4,R,2023-24
122597,CA,52.1301,mgmt_sci,26,0,19,R,2023-24
122612,CA,45.0603,econ,46,0,27,R,2023-24
122612,CA,52.1301,mgmt_sci,30,0,30,R,2023-24
122612,CA,52.1399,mgmt_sci,84,0,68,R,2023-24
122755,CA,27.0501,stats,9,0,2,R,2023-24
122755,CA,30.7001,ds,171,0,115,R,2023-24
122755,CA,45.0603,econ,7,1,2,R,2023-24
122755,CA,52.1301,mgmt_sci,2,0,2,R,2023-24
122755,CA,52.1399,mgmt_sci,27,0,0,R,2023-24
122931,CA,52.1301,mgmt_sci,110,0,60,R,2023-24
123554,CA,30.7102,analytics,18,0,5,R,2023-24
123554,CA,52.1399,mgmt_sci,7,0,3,R,2023-24
123961,CA,27.0501,stats,5,0,5,R,2023-24
123961,CA,30.7102,analytics,208,0,147,R,2023-24
123961,CA,45.0603,econ,153,0,140,R,2023-24
123961,CA,52.1301,mgmt_sci,777,0,389,R,2023-24
123961,CA,52.1302,mgmt_sci,42,0,38,R,2023-24
123961,CA,52.1399,mgmt_sci,135,0,32,R,2023-24
125231,MN,30.7001,ds,2,0,1,R,2023-24
126562,CO,27.0501,stats,8,0,0,R,2023-24
126562,CO,45.0603,econ,12,0,4,R,2023-24
126562,CO,52.1301,mgmt_sci,140,0,57,R,2023-24
126614,CO,52.1301,mgmt_sci,19,0,4,R,2023-24
126614,CO,52.1302,mgmt_sci,83,0,33,R,2023-24
126775,CO,30.7001,ds,20,0,1,R,2023-24
126775,CO,45.0603,econ,25,0,16,R,2023-24
126818,CO,27.0501,stats,7,0,6,R,2023-24
126818,CO,27.0601,stats,32,0,2,R,2023-24
126818,CO,45.0603,econ,6,0,0,R,2023-24
126818,CO,52.1301,mgmt_sci,16,0,0,R,2023-24
126818,CO,52.1399,mgmt_sci,281,1,26,R,2023-24
127060,CO,52.1301,mgmt_sci,9,0,1,R,2023-24
127060,CO,52.1302,mgmt_sci,46,0,23,R,2023-24
127060,CO,52.1399,mgmt_sci,35,0,9,R,2023-24
127918,CO,30.7001,ds,35,0,7,R,2023-24
128744,CT,52.1301,mgmt_sci,94,0,87,R,2023-24
128744,CT,52.1399,mgmt_sci,15,0,14,R,2023-24
128771,CT,52.1301,mgmt_sci,6,0,0,R,2023-24
129020,CT,27.0501,stats,2,0,1,R,2023-24
129020,CT,30.7001,ds,9,0,2,R,2023-24
129020,CT,30.7102,analytics,216,0,175,R,2023-24
129020,CT,45.0603,econ,22,0,14,R,2023-24
129020,CT,52.1301,mgmt_sci,39,0,1,R,2023-24
129020,CT,52.1399,mgmt_sci,23,0,22,R,2023-24
129242,CT,30.7001,ds,7,0,2,R,2023-24
129242,CT,30.7102,analytics,42,2,7,R,2023-24
129242,CT,52.1301,mgmt_sci,1,0,0,R,2023-24
129242,CT,52.1302,mgmt_sci,37,1,9,R,2023-24
129525,CT,52.1302,mgmt_sci,45,0,27,R,2023-24
129941,CT,52.1302,mgmt_sci,436,0,435,R,2023-24
130183,CT,30.7102,analytics,1,0,0,R,2023-24
130226,CT,30.7102,analytics,48,0,4,R,2023-24
130253,CT,52.1302,mgmt_sci,270,0,260,R,2023-24
130253,CT,52.1399,mgmt_sci,69,0,2,R,2023-24
130794,CT,27.0501,stats,25,1,13,R,2023-24
130794,CT,45.0603,econ,63,0,49,R,2023-24
130794,CT,52.1301,mgmt_sci,186,0,163,R,2023-24
130943,DE,27.0501,stats,23,0,18,R,2023-24
130943,DE,27.0601,stats,18,0,0,R,2023-24
130943,DE,30.7001,ds,26,0,18,R,2023-24
130943,DE,30.7102,analytics,31,1,23,R,2023-24
130943,DE,30.7104,analytics,11,0,3,R,2023-24
130943,DE,45.0603,econ,5,0,5,R,2023-24
130943,DE,52.1399,mgmt_sci,23,0,21,R,2023-24
130989,DE,30.7102,analytics,2,0,2,R,2023-24
130989,DE,52.1301,mgmt_sci,4,0,4,R,2023-24
131113,DE,52.1302,mgmt_sci,57,0,23,R,2023-24
131159,DC,27.0501,stats,8,0,1,R,2023-24
131159,DC,30.7001,ds,31,0,18,R,2023-24
131159,DC,30.7104,analytics,6,0,6,R,2023-24
131159,DC,45.0603,econ,26,0,9,R,2023-24
131159,DC,52.1301,mgmt_sci,88,0,52,R,2023-24
131283,DC,45.0603,econ,2,0,0,R,2023-24
131469,DC,27.0501,stats,20,0,17,R,2023-24
131469,DC,45.0603,econ,39,0,24,R,2023-24
131469,DC,52.1301,mgmt_sci,103,0,83,R,2023-24
131469,DC,52.1399,mgmt_sci,66,0,32,R,2023-24
131496,DC,27.0503,stats,37,0,27,R,2023-24
131496,DC,45.0603,econ,50,0,39,R,2023-24
131496,DC,52.1301,mgmt_sci,151,0,8,R,2023-24
131496,DC,52.1302,mgmt_sci,99,0,1,R,2023-24
131496,DC,52.1399,mgmt_sci,132,0,9,R,2023-24
131520,DC,30.7001,ds,5,0,0,R,2023-24
132471,FL,52.1399,mgmt_sci,171,6,24,R,2023-24
132903,FL,27.0501,stats,16,0,7,R,2023-24
132903,FL,30.7104,analytics,56,0,7,R,2023-24
133553,FL,30.7001,ds,18,0,8,R,2023-24
133553,FL,30.7102,analytics,3,0,1,R,2023-24
133669,FL,30.7001,ds,66,0,46,R,2023-24
133669,FL,30.7102,analytics,61,0,22,R,2023-24
133881,FL,52.1301,mgmt_sci,1,0,0,R,2023-24
133881,FL,52.1399,mgmt_sci,23,0,12,R,2023-24
133951,FL,27.0501,stats,7,0,4,R,2023-24
133951,FL,45.0603,econ,2,0,0,R,2023-24
133951,FL,52.1301,mgmt_sci,26,0,12,R,2023-24
134079,FL,30.7102,analytics,5,0,2,R,2023-24
134097,FL,27.0501,stats,16,0,10,R,2023-24
134097,FL,30.7001,ds,18,0,12,R,2023-24
134097,FL,30.7102,analytics,11,0,8,R,2023-24
134097,FL,45.0603,econ,9,0,1,R,2023-24
134097,FL,52.1301,mgmt_sci,82,0,3,R,2023-24
134130,FL,27.0501,stats,2,0,2,R,2023-24
134130,FL,45.0603,econ,29,0,1,R,2023-24
134945,FL,52.1301,mgmt_sci,8,0,2,R,2023-24
134945,FL,52.1302,mgmt_sci,10,0,0,R,2023-24
135726,FL,52.1302,mgmt_sci,46,0,20,R,2023-24
135726,FL,52.1399,mgmt_sci,119,0,30,R,2023-24
136172,FL,30.7102,analytics,41,0,16,R,2023-24
136215,FL,52.1301,mgmt_sci,39,0,14,R,2023-24
137032,FL,52.1301,mgmt_sci,20,0,8,R,2023-24
137351,FL,27.0501,stats,8,0,7,R,2023-24
137351,FL,52.1399,mgmt_sci,28,0,3,R,2023-24
137546,FL,52.1301,mgmt_sci,71,0,1,R,2023-24
137546,FL,52.1399,mgmt_sci,7,0,0,R,2023-24
137847,FL,52.1301,mgmt_sci,10,1,6,R,2023-24
139658,GA,45.0603,econ,6,0,3,R,2023-24
139658,GA,52.1301,mgmt_sci,310,0,81,R,2023-24
139658,GA,52.1399,mgmt_sci,128,0,102,R,2023-24
139755,GA,27.0501,stats,17,0,11,R,2023-24
139755,GA,45.0603,econ,22,0,15,R,2023-24
139755,GA,52.1301,mgmt_sci,211,0,25,R,2023-24
139755,GA,52.1399,mgmt_sci,1403,0,457,R,2023-24
139940,GA,45.0603,econ,16,0,11,R,2023-24
139940,GA,52.1304,mgmt_sci,30,0,27,R,2023-24
139940,GA,52.1399,mgmt_sci,163,0,112,R,2023-24
139959,GA,27.0501,stats,25,0,14,R,2023-24
139959,GA,45.0603,econ,29,0,14,R,2023-24
139959,GA,52.1301,mgmt_sci,106,0,23,R,2023-24
139959,GA,52.1302,mgmt_sci,30,0,2,R,2023-24
140447,GA,52.1301,mgmt_sci,55,0,38,R,2023-24
140951,GA,52.1399,mgmt_sci,128,1,59,R,2023-24
141334,GA,30.7102,analytics,3,0,3,R,2023-24
141574,HI,45.0603,econ,3,0,1,R,2023-24
142115,ID,45.0603,econ,2,0,0,R,2023-24
142285,ID,27.0501,stats,5,0,2,R,2023-24
142285,ID,45.0603,econ,8,0,4,R,2023-24
143358,IL,30.7001,ds,63,35,61,R,2023-24
143358,IL,30.7102,analytics,1,0,1,R,2023-24
144050,IL,27.0501,stats,44,1,36,R,2023-24
144050,IL,30.7101,analytics,246,0,164,R,2023-24
144050,IL,45.0603,econ,74,0,52,R,2023-24
144050,IL,52.1301,mgmt_sci,1251,1,439,R,2023-24
144740,IL,27.0601,stats,11,0,1,R,2023-24
144740,IL,30.7102,analytics,100,0,76,R,2023-24
144740,IL,45.0603,econ,15,0,0,R,2023-24
144740,IL,52.1301,mgmt_sci,53,0,29,R,2023-24
144740,IL,52.1399,mgmt_sci,15,0,8,R,2023-24
144962,IL,52.1301,mgmt_sci,23,0,0,R,2023-24
144962,IL,52.1399,mgmt_sci,13,0,2,R,2023-24
145336,IL,52.1301,mgmt_sci,51,0,47,R,2023-24
145600,IL,27.0501,stats,8,0,7,R,2023-24
145600,IL,45.0603,econ,6,0,0,R,2023-24
145600,IL,52.1301,mgmt_sci,120,0,108,R,2023-24
145600,IL,52.1399,mgmt_sci,46,0,42,R,2023-24
145619,IL,52.1399,mgmt_sci,9,0,5,R,2023-24
145637,IL,27.0501,stats,89,0,73,R,2023-24
145637,IL,30.7001,ds,21,0,19,R,2023-24
145637,IL,30.7102,analytics,95,0,85,R,2023-24
145637,IL,45.0603,econ,90,0,69,R,2023-24
145637,IL,52.1304,mgmt_sci,15,0,13,R,2023-24
145637,IL,52.1399,mgmt_sci,1028,0,287,R,2023-24
145725,IL,30.7102,analytics,2,0,2,R,2023-24
145725,IL,52.1301,mgmt_sci,38,0,32,R,2023-24
145725,IL,52.1399,mgmt_sci,30,0,24,R,2023-24
145813,IL,45.0603,econ,17,0,13,R,2023-24
145813,IL,52.1399,mgmt_sci,21,0,6,R,2023-24
146612,IL,30.7001,ds,122,0,108,R,2023-24
146612,IL,52.1301,mgmt_sci,139,0,134,R,2023-24
146612,IL,52.1399,mgmt_sci,35,0,29,R,2023-24
146719,IL,27.0501,stats,7,0,3,R,2023-24
146719,IL,30.7001,ds,5,0,0,R,2023-24
146719,IL,52.1301,mgmt_sci,113,0,15,R,2023-24
146719,IL,52.1302,mgmt_sci,9,0,5,R,2023-24
146719,IL,52.1399,mgmt_sci,24,0,8,R,2023-24
147703,IL,27.0501,stats,5,0,3,R,2023-24
147703,IL,45.0603,econ,5,0,3,R,2023-24
147703,IL,52.1301,mgmt_sci,40,0,2,R,2023-24
147703,IL,52.1399,mgmt_sci,49,0,1,R,2023-24
147767,IL,27.0501,stats,32,0,25,R,2023-24
147767,IL,45.0603,econ,69,0,68,R,2023-24
147767,IL,52.1301,mgmt_sci,1617,112,387,R,2023-24
147767,IL,52.1399,mgmt_sci,46,0,37,R,2023-24
148487,IL,52.1304,mgmt_sci,2,0,1,R,2023-24
148584,IL,52.1301,mgmt_sci,8,0,0,R,2023-24
149222,IL,45.0603,econ,3,0,3,R,2023-24
149222,IL,52.1399,mgmt_sci,33,0,16,R,2023-24
149231,IL,52.1399,mgmt_sci,192,0,4,R,2023-24
149772,IL,27.0501,stats,65,0,64,R,2023-24
149772,IL,45.0603,econ,13,0,9,R,2023-24
150136,IN,27.0501,stats,2,2,2,R,2023-24
150136,IN,52.1304,mgmt_sci,8,0,7,R,2023-24
150163,IN,30.7101,analytics,21,0,0,R,2023-24
150163,IN,52.1301,mgmt_sci,4,0,0,R,2023-24
151111,IN,45.0603,econ,7,0,5,R,2023-24
151263,IN,52.1301,mgmt_sci,6,0,2,R,2023-24
151263,IN,52.1399,mgmt_sci,27,0,7,R,2023-24
151290,IN,52.1301,mgmt_sci,35,0,34,R,2023-24
151351,IN,27.0501,stats,5,0,1,R,2023-24
151351,IN,27.0502,stats,9,0,5,R,2023-24
151351,IN,45.0603,econ,6,0,4,R,2023-24
151351,IN,52.1302,mgmt_sci,38,0,11,R,2023-24
151351,IN,52.1399,mgmt_sci,108,0,57,R,2023-24
152080,IN,45.0603,econ,17,0,5,R,2023-24
152080,IN,52.1301,mgmt_sci,71,0,10,R,2023-24
152080,IN,52.1399,mgmt_sci,202,0,51,R,2023-24
152390,IN,30.7001,ds,4,0,0,R,2023-24
152600,IN,30.7102,analytics,3,0,3,R,2023-24
152600,IN,45.0603,econ,11,0,8,R,2023-24
153269,IA,30.7101,analytics,18,0,0,R,2023-24
153366,IA,27.0503,stats,5,0,2,R,2023-24
153603,IA,27.0501,stats,7,0,2,R,2023-24
153603,IA,52.1301,mgmt_sci,5,0,0,R,2023-24
153603,IA,52.1399,mgmt_sci,17,0,3,R,2023-24
153658,IA,27.0501,stats,7,0,4,R,2023-24
153658,IA,30.7001,ds,7,0,2,R,2023-24
153658,IA,52.1304,mgmt_sci,7,0,5,R,2023-24
153658,IA,52.1399,mgmt_sci,119,10,21,R,2023-24
153825,IA,30.7101,analytics,4,0,2,R,2023-24
154095,IA,52.1399,mgmt_sci,16,0,0,R,2023-24
155317,KS,27.0601,stats,28,0,0,R,2023-24
155317,KS,30.7001,ds,2,0,0,R,2023-24
155317,KS,45.0603,econ,10,0,4,R,2023-24
155317,KS,52.1301,mgmt_sci,22,0,12,R,2023-24
155335,KS,30.7001,ds,1,0,1,R,2023-24
155399,KS,27.0501,stats,13,0,3,R,2023-24
155399,KS,45.0603,econ,1,0,0,R,2023-24
155399,KS,52.1301,mgmt_sci,18,0,3,R,2023-24
155681,KS,52.1399,mgmt_sci,119,0,5,R,2023-24
156125,KS,30.7001,ds,1,0,1,R,2023-24
156125,KS,45.0603,econ,10,0,4,R,2023-24
156125,KS,52.1301,mgmt_sci,55,0,53,R,2023-24
156125,KS,52.1399,mgmt_sci,35,0,34,R,2023-24
156541,KY,52.1301,mgmt_sci,64,0,42,R,2023-24
156541,KY,52.1399,mgmt_sci,415,0,358,R,2023-24
156620,KY,27.0503,stats,3,0,0,R,2023-24
157085,KY,27.0501,stats,8,0,2,R,2023-24
157085,KY,27.0601,stats,6,0,0,R,2023-24
157085,KY,30.7001,ds,7,0,3,R,2023-24
157085,KY,52.1399,mgmt_sci,21,0,10,R,2023-24
157289,KY,52.1301,mgmt_sci,20,0,0,R,2023-24
157289,KY,52.1399,mgmt_sci,137,0,78,R,2023-24
157809,KY,52.1301,mgmt_sci,28,0,6,R,2023-24
157863,KY,52.1301,mgmt_sci,2,0,1,R,2023-24
157951,KY,45.0603,econ,4,0,1,R,2023-24
159391,LA,27.0501,stats,10,0,7,R,2023-24
159391,LA,45.0603,econ,6,0,3,R,2023-24
159391,LA,52.1301,mgmt_sci,295,0,9,R,2023-24
160755,LA,27.0501,stats,2,0,1,R,2023-24
160755,LA,45.0603,econ,2,0,0,R,2023-24
160755,LA,52.1301,mgmt_sci,49,2,33,R,2023-24
160755,LA,52.1399,mgmt_sci,108,3,24,R,2023-24
161253,ME,27.0503,stats,6,0,1,R,2023-24
161253,ME,45.0603,econ,10,0,5,R,2023-24
161253,ME,52.1301,mgmt_sci,153,0,14,R,2023-24
161554,ME,27.0501,stats,2,0,0,R,2023-24
161873,MD,30.7104,analytics,7,0,2,R,2023-24
161873,MD,52.1399,mgmt_sci,5,0,1,R,2023-24
162061,MD,52.1302,mgmt_sci,4,0,0,R,2023-24
162928,MD,27.0501,stats,135,0,69,R,2023-24
162928,MD,27.0601,stats,58,0,1,R,2023-24
162928,MD,45.0603,econ,559,0,473,R,2023-24
162928,MD,52.1301,mgmt_sci,522,0,55,R,2023-24
162928,MD,52.1302,mgmt_sci,578,0,493,R,2023-24
162928,MD,52.1399,mgmt_sci,193,0,177,R,2023-24
163204,MD,52.1302,mgmt_sci,83,0,3,R,2023-24
163268,MD,27.0501,stats,7,0,5,R,2023-24
163268,MD,45.0603,econ,2,0,0,R,2023-24
163286,MD,27.0501,stats,8,0,3,R,2023-24
163286,MD,30.7104,analytics,46,0,9,R,2023-24
163286,MD,45.0603,econ,59,0,30,R,2023-24
163286,MD,52.1301,mgmt_sci,326,0,24,R,2023-24
163286,MD,52.1302,mgmt_sci,180,0,132,R,2023-24
163286,MD,52.1399,mgmt_sci,112,0,52,R,2023-24
164076,MD,52.1304,mgmt_sci,3,0,1,R,2023-24
164076,MD,52.1399,mgmt_sci,45,0,5,R,2023-24
164270,MD,52.1301,mgmt_sci,53,0,29,R,2023-24
164368,MA,30.7102,analytics,250,0,244,R,2023-24
164580,MA,30.7102,analytics,77,0,59,R,2023-24
164632,MA,52.1302,mgmt_sci,18,0,2,R,2023-24
164739,MA,52.1302,mgmt_sci,55,4,31,R,2023-24
164739,MA,52.1399,mgmt_sci,49,0,10,R,2023-24
164924,MA,30.7101,analytics,9,0,7,R,2023-24
164924,MA,45.0603,econ,82,0,42,R,2023-24
164924,MA,52.1301,mgmt_sci,32,0,15,R,2023-24
164988,MA,27.0501,stats,69,0,63,R,2023-24
164988,MA,30.7001,ds,5,0,3,R,2023-24
164988,MA,30.7102,analytics,226,0,199,R,2023-24
164988,MA,30.7104,analytics,153,0,128,R,2023-24
164988,MA,45.0603,econ,102,0,74,R,2023-24
164988,MA,52.1301,mgmt_sci,104,0,80,R,2023-24
164988,MA,52.1304,mgmt_sci,19,0,16,R,2023-24
164988,MA,52.1399,mgmt_sci,243,2,223,R,2023-24
165015,MA,45.0603,econ,48,0,36,R,2023-24
165015,MA,52.1301,mgmt_sci,61,8,57,R,2023-24
165334,MA,52.1301,mgmt_sci,86,0,79,R,2023-24
165334,MA,52.1399,mgmt_sci,62,0,55,R,2023-24
165820,MA,52.1399,mgmt_sci,22,0,0,R,2023-24
165936,MA,52.1399,mgmt_sci,3,0,0,R,2023-24
166027,MA,27.0501,stats,27,0,13,R,2023-24
166027,MA,45.0603,econ,106,0,82,R,2023-24
166027,MA,52.1399,mgmt_sci,1010,0,371,R,2023-24
166391,MA,52.1301,mgmt_sci,4,0,2,R,2023-24
166513,MA,52.1301,mgmt_sci,36,0,21,R,2023-24
166629,MA,27.0501,stats,11,0,6,R,2023-24
166629,MA,30.7001,ds,55,0,21,R,2023-24
166629,MA,30.7102,analytics,271,0,115,R,2023-24
166629,MA,45.0603,econ,1,0,0,R,2023-24
166638,MA,45.0603,econ,9,0,2,R,2023-24
166638,MA,52.1301,mgmt_sci,47,0,32,R,2023-24
166683,MA,45.0603,econ,21,0,17,R,2023-24
166683,MA,52.1301,mgmt_sci,701,0,305,R,2023-24
166683,MA,52.1399,mgmt_sci,78,0,58,R,2023-24
166850,MA,52.1302,mgmt_sci,3,0,0,R,2023-24
166869,MA,30.7101,analytics,2,0,0,R,2023-24
167358,MA,45.0603,econ,56,0,46,R,2023-24
167358,MA,52.1302,mgmt_sci,153,0,145,R,2023-24
167987,MA,30.7101,analytics,40,0,39,R,2023-24
167987,MA,52.1302,mgmt_sci,22,0,16,R,2023-24
167987,MA,52.1399,mgmt_sci,27,0,20,R,2023-24
168005,MA,52.1301,mgmt_sci,83,0,62,R,2023-24
168005,MA,52.1302,mgmt_sci,46,0,37,R,2023-24
168005,MA,52.1399,mgmt_sci,52,0,36,R,2023-24
168148,MA,30.7001,ds,21,0,10,R,2023-24
168148,MA,30.7101,analytics,27,0,19,R,2023-24
168148,MA,45.0603,econ,16,0,15,R,2023-24
168148,MA,52.1399,mgmt_sci,4,0,3,R,2023-24
168227,MA,30.7001,ds,6,0,0,R,2023-24
168227,MA,30.7102,analytics,2,0,0,R,2023-24
168421,MA,27.0501,stats,5,0,3,R,2023-24
168421,MA,30.7001,ds,48,0,20,R,2023-24
168421,MA,30.7102,analytics,10,0,5,R,2023-24
168421,MA,52.1301,mgmt_sci,6,0,2,R,2023-24
169248,MI,27.0501,stats,7,0,5,R,2023-24
169479,MI,30.7102,analytics,14,0,1,R,2023-24
169479,MI,52.1301,mgmt_sci,1,0,0,R,2023-24
169798,MI,27.0601,stats,2,0,2,R,2023-24
169798,MI,30.7102,analytics,3,0,1,R,2023-24
169798,MI,45.0603,econ,3,0,2,R,2023-24
169798,MI,52.1301,mgmt_sci,1,0,0,R,2023-24
169910,MI,30.7101,analytics,4,0,0,R,2023-24
169983,MI,52.1301,mgmt_sci,4,0,4,R,2023-24
170082,MI,27.0501,stats,9,0,0,R,2023-24
170082,MI,30.7001,ds,40,0,33,R,2023-24
170675,MI,52.1302,mgmt_sci,6,0,6,R,2023-24
170976,MI,27.0501,stats,28,0,21,R,2023-24
170976,MI,27.0502,stats,40,0,38,R,2023-24
170976,MI,27.0601,stats,71,0,61,R,2023-24
170976,MI,30.7001,ds,63,0,56,R,2023-24
170976,MI,30.7104,analytics,76,0,40,R,2023-24
170976,MI,52.1301,mgmt_sci,69,0,60,R,2023-24
170976,MI,52.1302,mgmt_sci,48,0,15,R,2023-24
171100,MI,27.0501,stats,10,0,9,R,2023-24
171100,MI,45.0603,econ,14,0,3,R,2023-24
171100,MI,52.1301,mgmt_sci,19,0,16,R,2023-24
171100,MI,52.1302,mgmt_sci,105,0,42,R,2023-24
171100,MI,52.1399,mgmt_sci,104,0,34,R,2023-24
171128,MI,27.0501,stats,5,0,4,R,2023-24
171128,MI,27.0601,stats,17,0,0,R,2023-24
171128,MI,30.7001,ds,28,0,21,R,2023-24
171137,MI,52.1301,mgmt_sci,32,0,25,R,2023-24
171492,MI,52.1302,mgmt_sci,49,0,38,R,2023-24
171571,MI,27.0501,stats,3,0,1,R,2023-24
171571,MI,52.1301,mgmt_sci,19,0,10,R,2023-24
172051,MI,52.1301,mgmt_sci,15,0,1,R,2023-24
172608,MI,30.7101,analytics,8,0,1,R,2023-24
172608,MI,52.1301,mgmt_sci,42,0,8,R,2023-24
172644,MI,27.0501,stats,3,0,0,R,2023-24
172644,MI,52.1301,mgmt_sci,31,0,9,R,2023-24
172699,MI,27.0501,stats,6,0,4,R,2023-24
172699,MI,45.0603,econ,10,0,9,R,2023-24
172699,MI,52.1399,mgmt_sci,4,0,2,R,2023-24
173328,MN,30.7101,analytics,68,0,60,R,2023-24
173665,MN,52.1301,mgmt_sci,22,0,12,R,2023-24
173920,MN,27.0599,stats,4,0,1,R,2023-24
174066,MN,27.0501,stats,18,0,16,R,2023-24
174066,MN,30.7001,ds,26,0,17,R,2023-24
174066,MN,30.7102,analytics,78,0,69,R,2023-24
174066,MN,45.0603,econ,27,0,17,R,2023-24
174066,MN,52.1301,mgmt_sci,47,0,17,R,2023-24
174783,MN,45.0603,econ,8,0,4,R,2023-24
174817,MN,30.7102,analytics,42,0,0,R,2023-24
174899,MN,52.1301,mgmt_sci,2,0,0,R,2023-24
174914,MN,52.1302,mgmt_sci,42,1,18,R,2023-24
175014,MN,52.1301,mgmt_sci,1,0,0,R,2023-24
175272,MN,52.1301,mgmt_sci,3,0,1,R,2023-24
176017,MS,30.7101,analytics,45,0,0,R,2023-24
176017,MS,45.0603,econ,1,0,1,R,2023-24
176017,MS,52.1301,mgmt_sci,106,0,5,R,2023-24
176080,MS,27.0501,stats,4,0,1,R,2023-24
177144,MO,52.1301,mgmt_sci,10,0,2,R,2023-24
178059,MO,30.7001,ds,71,0,31,R,2023-24
178059,MO,30.7101,analytics,26,0,1,R,2023-24
178059,MO,52.1304,mgmt_sci,3,0,1,R,2023-24
178396,MO,27.0501,stats,11,0,1,R,2023-24
178396,MO,45.0603,econ,36,0,7,R,2023-24
178396,MO,52.1399,mgmt_sci,173,0,1,R,2023-24
178402,MO,27.0501,stats,4,0,0,R,2023-24
178402,MO,30.7001,ds,17,0,11,R,2023-24
178402,MO,45.0603,econ,7,0,1,R,2023-24
178402,MO,52.1399,mgmt_sci,27,0,4,R,2023-24
178420,MO,45.0603,econ,2,0,0,R,2023-24
178420,MO,52.1301,mgmt_sci,15,0,10,R,2023-24
178615,MO,30.7001,ds,16,0,0,R,2023-24
179043,MO,30.7102,analytics,29,0,6,R,2023-24
179159,MO,45.0603,econ,11,0,6,R,2023-24
179159,MO,52.1301,mgmt_sci,78,0,60,R,2023-24
179867,MO,27.0501,stats,22,0,18,R,2023-24
179867,MO,45.0603,econ,29,0,26,R,2023-24
179867,MO,52.1301,mgmt_sci,98,0,72,R,2023-24
179867,MO,52.1302,mgmt_sci,351,0,342,R,2023-24
180461,MT,27.0503,stats,5,0,1,R,2023-24
180461,MT,45.0603,econ,5,0,0,R,2023-24
180461,MT,52.1399,mgmt_sci,13,0,3,R,2023-24
180489,MT,52.1301,mgmt_sci,12,0,2,R,2023-24
180814,NE,30.7001,ds,109,0,0,R,2023-24
180814,NE,30.7102,analytics,29,0,1,R,2023-24
180814,NE,52.1301,mgmt_sci,15,0,0,R,2023-24
181002,NE,52.1301,mgmt_sci,27,0,3,R,2023-24
181394,NE,45.0603,econ,13,0,3,R,2023-24
181464,NE,27.0501,stats,3,0,2,R,2023-24
181464,NE,30.7102,analytics,11,0,0,R,2023-24
181464,NE,45.0603,econ,5,0,3,R,2023-24
181464,NE,52.1304,mgmt_sci,3,0,3,R,2023-24
181464,NE,52.1399,mgmt_sci,48,0,2,R,2023-24
182281,NV,30.7101,analytics,12,0,5,R,2023-24
182281,NV,45.0603,econ,7,0,1,R,2023-24
182281,NV,52.1301,mgmt_sci,9,0,1,R,2023-24
182290,NV,27.0502,stats,5,0,1,R,2023-24
182290,NV,30.7102,analytics,12,0,0,R,2023-24
182290,NV,45.0603,econ,2,0,0,R,2023-24
182670,NH,52.1301,mgmt_sci,122,0,80,R,2023-24
183026,NH,52.1302,mgmt_sci,214,0,0,R,2023-24
183026,NH,52.1399,mgmt_sci,131,0,72,R,2023-24
183044,NH,27.0501,stats,3,0,0,R,2023-24
183044,NH,30.7102,analytics,16,0,13,R,2023-24
183044,NH,45.0603,econ,7,0,1,R,2023-24
183044,NH,52.1301,mgmt_sci,2,0,0,R,2023-24
184348,NJ,45.0603,econ,10,0,6,R,2023-24
184603,NJ,52.1399,mgmt_sci,12,0,11,R,2023-24
184694,NJ,52.1399,mgmt_sci,10,0,0,R,2023-24
185129,NJ,52.1301,mgmt_sci,9,0,4,R,2023-24
185129,NJ,52.1399,mgmt_sci,6,0,2,R,2023-24
185572,NJ,30.7001,ds,3,0,0,R,2023-24
185590,NJ,27.0501,stats,3,0,1,R,2023-24
185590,NJ,30.7102,analytics,4,0,3,R,2023-24
185590,NJ,52.1301,mgmt_sci,57,0,14,R,2023-24
185590,NJ,52.1399,mgmt_sci,159,0,2,R,2023-24
185828,NJ,27.0501,stats,3,0,2,R,2023-24
185828,NJ,30.7001,ds,201,0,154,R,2023-24
185828,NJ,52.1301,mgmt_sci,79,0,61,R,2023-24
185828,NJ,52.1399,mgmt_sci,94,0,12,R,2023-24
186131,NJ,45.0603,econ,21,0,16,R,2023-24
186201,NJ,30.7001,ds,6,0,3,R,2023-24
186283,NJ,52.1399,mgmt_sci,5,0,5,R,2023-24
186371,NJ,52.1301,mgmt_sci,47,0,13,R,2023-24
186380,NJ,27.0501,stats,94,0,76,R,2023-24
186380,NJ,45.0603,econ,20,0,15,R,2023-24
186380,NJ,52.1301,mgmt_sci,106,0,31,R,2023-24
186399,NJ,52.1301,mgmt_sci,74,0,45,R,2023-24
186399,NJ,52.1302,mgmt_sci,48,0,18,R,2023-24
186399,NJ,52.1399,mgmt_sci,89,0,81,R,2023-24
186432,NJ,30.7001,ds,154,0,146,R,2023-24
186432,NJ,30.7102,analytics,206,0,204,R,2023-24
186432,NJ,45.0603,econ,11,0,4,R,2023-24
186432,NJ,52.1301,mgmt_sci,34,0,32,R,2023-24
186432,NJ,52.1399,mgmt_sci,11,0,9,R,2023-24
186584,NJ,30.7001,ds,1,0,0,R,2023-24
186584,NJ,30.7102,analytics,14,0,0,R,2023-24
186584,NJ,52.1399,mgmt_sci,27,0,4,R,2023-24
186867,NJ,52.1302,mgmt_sci,130,0,110,R,2023-24
186867,NJ,52.1399,mgmt_sci,111,0,96,R,2023-24
187046,NJ,27.0599,stats,14,0,0,R,2023-24
187985,NM,27.0501,stats,6,0,4,R,2023-24
188030,NM,27.0501,stats,2,0,2,R,2023-24
188429,NY,52.1301,mgmt_sci,38,0,36,R,2023-24
188429,NY,52.1302,mgmt_sci,25,0,19,R,2023-24
189088,NY,45.0603,econ,9,0,5,R,2023-24
189705,NY,52.1301,mgmt_sci,7,0,0,R,2023-24
189705,NY,52.1302,mgmt_sci,6,0,2,R,2023-24
190044,NY,30.7001,ds,27,0,22,R,2023-24
190044,NY,30.7101,analytics,8,0,0,R,2023-24
190150,NY,27.0501,stats,335,0,309,R,2023-24
190150,NY,27.0502,stats,103,0,95,R,2023-24
190150,NY,30.7001,ds,203,0,153,R,2023-24
190150,NY,30.7102,analytics,184,0,159,R,2023-24
190150,NY,45.0603,econ,164,0,143,R,2023-24
190150,NY,52.1302,mgmt_sci,38,0,36,R,2023-24
190150,NY,52.1304,mgmt_sci,18,0,17,R,2023-24
190150,NY,52.1399,mgmt_sci,1621,0,932,R,2023-24
190415,NY,27.0501,stats,67,0,55,R,2023-24
190415,NY,45.0603,econ,65,0,43,R,2023-24
190415,NY,52.1301,mgmt_sci,286,0,240,R,2023-24
190415,NY,52.1302,mgmt_sci,52,0,3,R,2023-24
190415,NY,52.1399,mgmt_sci,94,0,88,R,2023-24
190512,NY,27.0501,stats,40,0,11,R,2023-24
190512,NY,30.7102,analytics,149,0,65,R,2023-24
190512,NY,52.1399,mgmt_sci,213,0,127,R,2023-24
190576,NY,27.0501,stats,23,0,0,R,2023-24
190576,NY,45.0603,econ,20,0,17,R,2023-24
190594,NY,27.0503,stats,15,0,1,R,2023-24
190664,NY,27.0599,stats,14,0,3,R,2023-24
190664,NY,52.1399,mgmt_sci,9,0,1,R,2023-24
191241,NY,27.0501,stats,2,0,0,R,2023-24
191241,NY,30.7001,ds,30,0,23,R,2023-24
191241,NY,30.7102,analytics,130,0,88,R,2023-24
191241,NY,45.0603,econ,23,0,11,R,2023-24
191241,NY,52.1399,mgmt_sci,220,0,145,R,2023-24
191649,NY,52.1301,mgmt_sci,181,0,33,R,2023-24
191649,NY,52.1302,mgmt_sci,31,0,24,R,2023-24
191649,NY,52.1399,mgmt_sci,26,0,15,R,2023-24
192271,NY,52.1302,mgmt_sci,10,0,9,R,2023-24
192448,NY,30.7101,analytics,17,0,9,R,2023-24
192448,NY,52.1399,mgmt_sci,54,0,3,R,2023-24
192703,NY,52.1301,mgmt_sci,60,0,4,R,2023-24
193016,NY,52.1399,mgmt_sci,20,0,19,R,2023-24
193308,NY,30.7001,ds,6,0,5,R,2023-24
193654,NY,45.0603,econ,32,0,9,R,2023-24
193900,NY,27.0501,stats,31,0,22,R,2023-24
193900,NY,30.7001,ds,167,0,134,R,2023-24
193900,NY,30.7102,analytics,49,0,30,R,2023-24
193900,NY,45.0603,econ,108,0,90,R,2023-24
193900,NY,52.1301,mgmt_sci,1134,0,139,R,2023-24
193900,NY,52.1399,mgmt_sci,25,0,16,R,2023-24
194091,NY,52.1301,mgmt_sci,149,0,124,R,2023-24
194091,NY,52.1304,mgmt_sci,3,0,3,R,2023-24
194091,NY,52.1399,mgmt_sci,1,0,0,R,2023-24
194310,NY,30.7102,analytics,55,0,45,R,2023-24
194310,NY,45.0603,econ,14,0,3,R,2023-24
194310,NY,52.1399,mgmt_sci,117,0,104,R,2023-24
194824,NY,45.0603,econ,1,0,1,R,2023-24
194824,NY,52.1302,mgmt_sci,25,0,11,R,2023-24
194824,NY,52.1399,mgmt_sci,48,0,6,R,2023-24
195003,NY,27.0601,stats,22,0,4,R,2023-24
195003,NY,30.7104,analytics,16,0,15,R,2023-24
195003,NY,52.1301,mgmt_sci,30,0,19,R,2023-24
195003,NY,52.1399,mgmt_sci,92,0,24,R,2023-24
195030,NY,27.0501,stats,9,0,8,R,2023-24
195030,NY,45.0603,econ,8,0,8,R,2023-24
195030,NY,52.1399,mgmt_sci,631,0,517,R,2023-24
195164,NY,30.7102,analytics,11,0,0,R,2023-24
195173,NY,52.1301,mgmt_sci,4,0,1,R,2023-24
195809,NY,52.1301,mgmt_sci,28,0,13,R,2023-24
195809,NY,52.1302,mgmt_sci,4,0,3,R,2023-24
195809,NY,52.1304,mgmt_sci,5,0,2,R,2023-24
195809,NY,52.1399,mgmt_sci,16,0,5,R,2023-24
196060,NY,30.7102,analytics,1,0,0,R,2023-24
196060,NY,45.0603,econ,19,0,14,R,2023-24
196079,NY,27.0503,stats,2,0,0,R,2023-24
196079,NY,45.0603,econ,17,0,3,R,2023-24
196079,NY,52.1301,mgmt_sci,238,0,5,R,2023-24
196088,NY,45.0603,econ,20,2,12,R,2023-24
196088,NY,52.1301,mgmt_sci,81,0,51,R,2023-24
196097,NY,45.0603,econ,4,0,0,R,2023-24
196130,NY,30.7101,analytics,22,0,5,R,2023-24
196246,NY,30.7101,analytics,12,0,5,R,2023-24
196413,NY,27.0501,stats,1,0,1,R,2023-24
196413,NY,45.0603,econ,11,0,6,R,2023-24
196413,NY,52.1301,mgmt_sci,32,0,16,R,2023-24
196413,NY,52.1399,mgmt_sci,162,0,82,R,2023-24
196592,NY,52.1301,mgmt_sci,5,0,5,R,2023-24
197045,NY,30.7001,ds,12,0,0,R,2023-24
198419,NC,27.0501,stats,52,0,44,R,2023-24
198419,NC,30.7001,ds,36,0,25,R,2023-24
198419,NC,45.0603,econ,70,0,65,R,2023-24
198419,NC,52.1399,mgmt_sci,1062,0,540,R,2023-24
198464,NC,30.7001,ds,12,0,7,R,2023-24
198464,NC,45.0603,econ,6,0,1,R,2023-24
198516,NC,52.1301,mgmt_sci,23,0,11,R,2023-24
198695,NC,30.7102,analytics,14,0,0,R,2023-24
199120,NC,27.0502,stats,7,0,2,R,2023-24
199120,NC,45.0603,econ,7,0,3,R,2023-24
199120,NC,52.1301,mgmt_sci,954,0,113,R,2023-24
199139,NC,45.0603,econ,18,0,7,R,2023-24
199139,NC,52.1399,mgmt_sci,113,0,50,R,2023-24
199148,NC,27.0601,stats,2,0,1,R,2023-24
199148,NC,45.0603,econ,11,0,0,R,2023-24
199193,NC,27.0501,stats,52,0,15,R,2023-24
199193,NC,45.0603,econ,14,0,6,R,2023-24
199193,NC,52.1301,mgmt_sci,298,0,18,R,2023-24
199218,NC,30.7104,analytics,50,0,0,R,2023-24
199218,NC,52.1301,mgmt_sci,304,0,23,R,2023-24
199218,NC,52.1399,mgmt_sci,57,0,2,R,2023-24
199412,NC,30.7104,analytics,4,0,3,R,2023-24
199847,NC,27.0501,stats,9,0,5,R,2023-24
199847,NC,30.7104,analytics,5,0,0,R,2023-24
199847,NC,52.1301,mgmt_sci,140,0,60,R,2023-24
199847,NC,52.1399,mgmt_sci,108,0,38,R,2023-24
200280,ND,30.7001,ds,5,0,2,R,2023-24
200280,ND,45.0603,econ,16,0,2,R,2023-24
200332,ND,27.0501,stats,1,0,0,R,2023-24
200332,ND,52.1301,mgmt_sci,19,0,15,R,2023-24
200697,OH,30.7001,ds,9,0,0,R,2023-24
200697,OH,45.0603,econ,12,0,0,R,2023-24
200800,OH,27.0501,stats,4,0,2,R,2023-24
200800,OH,30.7102,analytics,11,0,0,R,2023-24
200800,OH,52.1301,mgmt_sci,6,0,2,R,2023-24
201195,OH,52.1301,mgmt_sci,22,0,2,R,2023-24
201441,OH,27.0601,stats,13,0,11,R,2023-24
201441,OH,30.7001,ds,6,0,3,R,2023-24
201441,OH,45.0603,econ,12,0,9,R,2023-24
201441,OH,52.1399,mgmt_sci,23,0,1,R,2023-24
201645,OH,27.0501,stats,4,0,4,R,2023-24
201645,OH,52.1301,mgmt_sci,30,0,27,R,2023-24
201885,OH,27.0501,stats,3,0,1,R,2023-24
201885,OH,45.0603,econ,11,0,6,R,2023-24
201885,OH,52.1301,mgmt_sci,118,0,95,R,2023-24
202134,OH,27.0601,stats,9,0,1,R,2023-24
202480,OH,52.1301,mgmt_sci,38,0,16,R,2023-24
202480,OH,52.1399,mgmt_sci,5,0,3,R,2023-24
202763,OH,52.1302,mgmt_sci,9,0,9,R,2023-24
202806,OH,30.7101,analytics,35,0,1,R,2023-24
202806,OH,30.7102,analytics,48,0,35,R,2023-24
203517,OH,30.7001,ds,29,0,29,R,2023-24
203517,OH,30.7102,analytics,89,0,82,R,2023-24
203517,OH,45.0603,econ,6,0,1,R,2023-24
203517,OH,52.1301,mgmt_sci,20,0,18,R,2023-24
204024,OH,27.0501,stats,12,0,7,R,2023-24
204024,OH,45.0603,econ,13,0,1,R,2023-24
204024,OH,52.1302,mgmt_sci,35,0,3,R,2023-24
204185,OH,52.1399,mgmt_sci,4,0,0,R,2023-24
204194,OH,52.1399,mgmt_sci,8,0,0,R,2023-24
204796,OH,27.0501,stats,19,0,9,R,2023-24
204796,OH,45.0603,econ,22,0,14,R,2023-24
204796,OH,52.1301,mgmt_sci,72,0,18,R,2023-24
204796,OH,52.1304,mgmt_sci,6,0,5,R,2023-24
204857,OH,30.7102,analytics,74,0,0,R,2023-24
204857,OH,45.0603,econ,18,0,16,R,2023-24
206048,OH,52.1399,mgmt_sci,17,0,9,R,2023-24
206084,OH,45.0603,econ,5,0,0,R,2023-24
206084,OH,52.1302,mgmt_sci,9,0,7,R,2023-24
206525,OH,52.1301,mgmt_sci,7,0,0,R,2023-24
206604,OH,27.0501,stats,3,0,1,R,2023-24
206604,OH,30.7102,analytics,30,0,22,R,2023-24
206604,OH,45.0603,econ,5,0,0,R,2023-24
206604,OH,52.1399,mgmt_sci,5,0,1,R,2023-24
206622,OH,52.1301,mgmt_sci,7,0,1,R,2023-24
206941,OK,52.1302,mgmt_sci,31,0,24,R,2023-24
207041,OK,52.1301,mgmt_sci,15,0,3,R,2023-24
207263,OK,30.7104,analytics,11,0,1,R,2023-24
207324,OK,52.1301,mgmt_sci,41,0,24,R,2023-24
207388,OK,27.0501,stats,7,0,1,R,2023-24
207388,OK,52.1302,mgmt_sci,60,0,39,R,2023-24
207458,OK,30.7101,analytics,4,0,1,R,2023-24
207458,OK,30.7104,analytics,1,0,0,R,2023-24
207500,OK,45.0603,econ,11,0,2,R,2023-24
207971,OK,52.1301,mgmt_sci,56,0,6,R,2023-24
207971,OK,52.1302,mgmt_sci,14,0,8,R,2023-24
207971,OK,52.1399,mgmt_sci,19,0,5,R,2023-24
209542,OR,27.0501,stats,16,0,3,R,2023-24
209542,OR,27.0599,stats,31,0,0,R,2023-24
209542,OR,52.1301,mgmt_sci,68,0,55,R,2023-24
209551,OR,45.0603,econ,20,0,2,R,2023-24
209807,OR,27.0501,stats,4,0,2,R,2023-24
209807,OR,45.0603,econ,3,0,0,R,2023-24
209807,OR,52.1399,mgmt_sci,25,0,1,R,2023-24
209825,OR,52.1301,mgmt_sci,17,0,6,R,2023-24
210331,OR,52.1301,mgmt_sci,5,0,0,R,2023-24
210401,OR,30.7001,ds,27,0,1,R,2023-24
210739,PA,52.1302,mgmt_sci,2,0,0,R,2023-24
211440,PA,27.0501,stats,12,0,3,R,2023-24
211440,PA,30.7001,ds,17,0,4,R,2023-24
211440,PA,30.7101,analytics,20,0,13,R,2023-24
211440,PA,30.7103,analytics,17,0,13,R,2023-24
211440,PA,30.7199,analytics,64,0,27,R,2023-24
211440,PA,45.0603,econ,5,0,5,R,2023-24
211440,PA,52.1301,mgmt_sci,304,0,124,R,2023-24
211440,PA,52.1399,mgmt_sci,5,0,3,R,2023-24
212054,PA,30.7001,ds,57,1,34,R,2023-24
212054,PA,30.7102,analytics,70,0,60,R,2023-24
212054,PA,30.7104,analytics,22,0,22,R,2023-24
212054,PA,45.0603,econ,6,0,5,R,2023-24
212054,PA,52.1301,mgmt_sci,100,0,6,R,2023-24
212054,PA,52.1399,mgmt_sci,46,3,7,R,2023-24
212106,PA,52.1301,mgmt_sci,12,0,7,R,2023-24
212106,PA,52.1399,mgmt_sci,37,0,11,R,2023-24
212133,PA,30.7001,ds,664,0,16,R,2023-24
212133,PA,30.7101,analytics,4,0,0,R,2023-24
212133,PA,30.7102,analytics,15,0,0,R,2023-24
212601,PA,52.1399,mgmt_sci,105,0,88,R,2023-24
212805,PA,52.1302,mgmt_sci,3,0,0,R,2023-24
213020,PA,52.1301,mgmt_sci,87,0,87,R,2023-24
213367,PA,30.7102,analytics,21,0,4,R,2023-24
213543,PA,27.0501,stats,2,0,2,R,2023-24
213543,PA,30.7001,ds,10,0,6,R,2023-24
213543,PA,30.7102,analytics,42,0,34,R,2023-24
213543,PA,45.0603,econ,15,0,13,R,2023-24
213543,PA,52.1301,mgmt_sci,5,0,4,R,2023-24
213826,PA,52.1301,mgmt_sci,11,0,9,R,2023-24
214157,PA,30.7101,analytics,2,0,0,R,2023-24
214607,PA,52.1399,mgmt_sci,16,0,14,R,2023-24
214713,PA,52.1301,mgmt_sci,29,0,3,R,2023-24
214713,PA,52.1399,mgmt_sci,6,0,6,R,2023-24
214777,PA,27.0501,stats,13,0,6,R,2023-24
214777,PA,45.0603,econ,9,0,8,R,2023-24
214777,PA,52.1301,mgmt_sci,50,0,37,R,2023-24
214777,PA,52.1399,mgmt_sci,173,0,51,R,2023-24
215062,PA,27.0501,stats,32,4,16,R,2023-24
215062,PA,30.7102,analytics,2,0,1,R,2023-24
215062,PA,30.7104,analytics,255,93,79,R,2023-24
215062,PA,45.0603,econ,29,4,12,R,2023-24
215062,PA,52.1301,mgmt_sci,122,11,60,R,2023-24
215062,PA,52.1399,mgmt_sci,80,99,50,R,2023-24
215293,PA,27.0501,stats,12,0,6,R,2023-24
215293,PA,30.7102,analytics,50,0,43,R,2023-24
215293,PA,45.0603,econ,25,0,14,R,2023-24
215293,PA,52.1301,mgmt_sci,12,0,11,R,2023-24
215770,PA,52.1301,mgmt_sci,82,0,31,R,2023-24
215798,PA,52.1399,mgmt_sci,16,0,0,R,2023-24
215929,PA,52.1301,mgmt_sci,73,3,55,R,2023-24
215947,PA,30.7102,analytics,4,0,1,R,2023-24
216339,PA,27.0501,stats,4,0,0,R,2023-24
216339,PA,52.1301,mgmt_sci,7,0,5,R,2023-24
216339,PA,52.1302,mgmt_sci,40,0,22,R,2023-24
216339,PA,52.1304,mgmt_sci,1,0,0,R,2023-24
216339,PA,52.1399,mgmt_sci,61,0,26,R,2023-24
216597,PA,27.0601,stats,15,0,3,R,2023-24
216597,PA,52.1301,mgmt_sci,25,0,0,R,2023-24
216764,PA,27.0501,stats,20,0,4,R,2023-24
216852,PA,30.7101,analytics,5,0,1,R,2023-24
216852,PA,52.1301,mgmt_sci,1,0,0,R,2023-24
217059,PA,30.7102,analytics,9,0,0,R,2023-24
217156,RI,30.7001,ds,45,0,31,R,2023-24
217156,RI,45.0603,econ,12,0,7,R,2023-24
217165,RI,52.1301,mgmt_sci,51,0,3,R,2023-24
217235,RI,52.1301,mgmt_sci,4,0,0,R,2023-24
217484,RI,27.0501,stats,7,0,6,R,2023-24
217484,RI,52.1399,mgmt_sci,7,0,0,R,2023-24
217536,RI,52.1301,mgmt_sci,2,0,0,R,2023-24
217819,SC,30.7001,ds,4,0,0,R,2023-24
217882,SC,45.0603,econ,6,0,5,R,2023-24
218663,SC,27.0501,stats,1,0,0,R,2023-24
218663,SC,27.0601,stats,1,0,0,R,2023-24
218663,SC,30.7199,analytics,2,0,0,R,2023-24
218663,SC,52.1302,mgmt_sci,22,0,9,R,2023-24
218742,SC,52.1302,mgmt_sci,17,0,1,R,2023-24
219000,SD,52.1301,mgmt_sci,6,0,0,R,2023-24
219356,SD,27.0501,stats,4,1,3,R,2023-24
219356,SD,30.7001,ds,20,0,13,R,2023-24
219471,SD,30.7102,analytics,11,0,6,R,2023-24
219833,TN,30.7001,ds,9,0,6,R,2023-24
220075,TN,30.7001,ds,2,0,2,R,2023-24
220215,TN,52.1302,mgmt_sci,3,0,0,R,2023-24
220631,TN,30.7102,analytics,2,0,0,R,2023-24
220792,TN,30.7001,ds,9,0,0,R,2023-24
220792,TN,30.7099,ds,6,0,0,R,2023-24
220862,TN,30.7001,ds,98,0,93,R,2023-24
220862,TN,45.0603,econ,1,0,0,R,2023-24
220978,TN,30.7001,ds,9,0,2,R,2023-24
221740,TN,52.1301,mgmt_sci,19,0,4,R,2023-24
221759,TN,27.0501,stats,10,0,7,R,2023-24
221759,TN,45.0603,econ,3,0,1,R,2023-24
221759,TN,52.1301,mgmt_sci,235,0,13,R,2023-24
221759,TN,52.1302,mgmt_sci,39,0,7,R,2023-24
221759,TN,52.1399,mgmt_sci,100,0,8,R,2023-24
221999,TN,45.0603,econ,20,0,18,R,2023-24
221999,TN,52.1301,mgmt_sci,24,17,14,R,2023-24
221999,TN,52.1399,mgmt_sci,77,1,16,R,2023-24
222628,TX,30.7102,analytics,4,0,0,R,2023-24
222628,TX,52.1301,mgmt_sci,3,0,0,R,2023-24
222831,TX,30.7102,analytics,29,0,3,R,2023-24
223232,TX,27.0601,stats,9,0,1,R,2023-24
223232,TX,30.7102,analytics,4,0,0,R,2023-24
223232,TX,45.0603,econ,5,0,2,R,2023-24
224226,TX,52.1301,mgmt_sci,30,0,17,R,2023-24
224323,TX,52.1301,mgmt_sci,35,0,22,R,2023-24
224554,TX,30.7102,analytics,257,0,186,R,2023-24
224554,TX,52.1301,mgmt_sci,16,0,2,R,2023-24
225247,TX,52.1301,mgmt_sci,2,0,0,R,2023-24
225399,TX,52.1301,mgmt_sci,13,0,9,R,2023-24
225414,TX,27.0501,stats,3,0,1,R,2023-24
225414,TX,30.7104,analytics,3,0,0,R,2023-24
225432,TX,30.7101,analytics,58,0,15,R,2023-24
225511,TX,27.0503,stats,20,0,9,R,2023-24
225511,TX,30.7102,analytics,47,0,27,R,2023-24
225511,TX,30.7104,analytics,102,0,6,R,2023-24
225511,TX,45.0603,econ,6,0,6,R,2023-24
225511,TX,52.1301,mgmt_sci,44,0,22,R,2023-24
225627,TX,52.1301,mgmt_sci,2,0,0,R,2023-24
226091,TX,30.7104,analytics,24,0,2,R,2023-24
226833,TX,30.7102,analytics,44,0,24,R,2023-24
227216,TX,27.0503,stats,431,0,359,R,2023-24
227216,TX,30.7001,ds,344,0,336,R,2023-24
227216,TX,30.7102,analytics,356,0,317,R,2023-24
227216,TX,45.0603,econ,5,0,2,R,2023-24
227331,TX,52.1301,mgmt_sci,1,0,0,R,2023-24
227368,TX,27.0503,stats,10,0,6,R,2023-24
227368,TX,30.7102,analytics,59,0,2,R,2023-24
227757,TX,27.0501,stats,25,0,19,R,2023-24
227757,TX,30.7001,ds,52,0,27,R,2023-24
227757,TX,45.0603,econ,18,0,13,R,2023-24
227757,TX,52.1399,mgmt_sci,539,0,90,R,2023-24
227863,TX,52.1399,mgmt_sci,15,0,5,R,2023-24
227881,TX,27.0501,stats,5,0,4,R,2023-24
228246,TX,27.0501,stats,3,0,0,R,2023-24
228246,TX,30.7001,ds,69,0,5,R,2023-24
228246,TX,45.0603,econ,16,0,10,R,2023-24
228246,TX,52.1301,mgmt_sci,524,0,79,R,2023-24
228431,TX,27.0503,stats,3,0,0,R,2023-24
228459,TX,30.7102,analytics,49,0,44,R,2023-24
228459,TX,52.1399,mgmt_sci,3,0,2,R,2023-24
228705,TX,27.0503,stats,4,0,4,R,2023-24
228723,TX,27.0501,stats,90,0,4,R,2023-24
228723,TX,30.7001,ds,28,0,23,R,2023-24
228723,TX,45.0603,econ,99,0,19,R,2023-24
228723,TX,52.1302,mgmt_sci,49,0,0,R,2023-24
228769,TX,30.7101,analytics,5,0,0,R,2023-24
228769,TX,30.7102,analytics,100,0,85,R,2023-24
228769,TX,45.0603,econ,8,0,4,R,2023-24
228778,TX,27.0501,stats,9,0,8,R,2023-24
228778,TX,30.7001,ds,174,0,53,R,2023-24
228778,TX,30.7102,analytics,184,0,99,R,2023-24
228778,TX,45.0603,econ,46,0,37,R,2023-24
228778,TX,52.1301,mgmt_sci,39,0,37,R,2023-24
228787,TX,27.0501,stats,26,0,10,R,2023-24
228787,TX,30.7102,analytics,1033,0,898,R,2023-24
228787,TX,45.0603,econ,12,0,6,R,2023-24
228787,TX,52.1301,mgmt_sci,247,0,222,R,2023-24
228787,TX,52.1304,mgmt_sci,6,0,1,R,2023-24
228787,TX,52.1399,mgmt_sci,14,0,3,R,2023-24
228796,TX,27.0503,stats,8,0,5,R,2023-24
228796,TX,45.0603,econ,8,0,5,R,2023-24
228875,TX,30.7102,analytics,40,0,10,R,2023-24
228875,TX,52.1399,mgmt_sci,44,0,7,R,2023-24
228981,TX,52.1302,mgmt_sci,7,0,0,R,2023-24
229027,TX,27.0501,stats,16,0,0,R,2023-24
229027,TX,30.7101,analytics,29,0,7,R,2023-24
229027,TX,45.0603,econ,11,0,3,R,2023-24
229115,TX,27.0501,stats,10,0,8,R,2023-24
229115,TX,30.7001,ds,107,0,16,R,2023-24
229115,TX,45.0603,econ,16,0,12,R,2023-24
229160,TX,30.7102,analytics,18,0,7,R,2023-24
230038,UT,27.0501,stats,14,0,0,R,2023-24
230038,UT,52.1301,mgmt_sci,153,0,10,R,2023-24
230038,UT,52.1399,mgmt_sci,22,0,17,R,2023-24
230603,UT,52.1301,mgmt_sci,5,0,1,R,2023-24
230728,UT,27.0501,stats,10,0,1,R,2023-24
230728,UT,45.0603,econ,18,0,1,R,2023-24
230728,UT,52.1301,mgmt_sci,18,0,1,R,2023-24
230764,UT,45.0603,econ,10,0,6,R,2023-24
230764,UT,52.1301,mgmt_sci,71,0,39,R,2023-24
230782,UT,30.7001,ds,1,0,0,R,2023-24
230782,UT,52.1301,mgmt_sci,13,0,1,R,2023-24
230995,VT,52.1301,mgmt_sci,1,0,0,R,2023-24
231174,VT,27.0501,stats,5,0,1,R,2023-24
231174,VT,52.1399,mgmt_sci,11,0,0,R,2023-24
231420,VA,30.7102,analytics,1,0,0,R,2023-24
231624,VA,52.1301,mgmt_sci,104,0,28,R,2023-24
231651,VA,30.7102,analytics,4,0,0,R,2023-24
232186,VA,27.0501,stats,7,0,1,R,2023-24
232982,VA,30.7001,ds,8,0,4,R,2023-24
232982,VA,45.0603,econ,3,0,2,R,2023-24
233541,VA,52.1301,mgmt_sci,101,0,43,R,2023-24
233921,VA,27.0501,stats,8,0,3,R,2023-24
233921,VA,27.0601,stats,7,0,4,R,2023-24
233921,VA,45.0603,econ,5,0,5,R,2023-24
234030,VA,30.7101,analytics,47,0,19,R,2023-24
234030,VA,45.0603,econ,5,0,1,R,2023-24
234076,VA,27.0501,stats,22,0,4,R,2023-24
234076,VA,30.7001,ds,120,0,10,R,2023-24
234076,VA,45.0603,econ,8,0,4,R,2023-24
234076,VA,52.1301,mgmt_sci,56,0,1,R,2023-24
234076,VA,52.1399,mgmt_sci,119,0,27,R,2023-24
234915,WA,30.7001,ds,2,0,0,R,2023-24
235316,WA,30.7102,analytics,1,0,0,R,2023-24
236230,WA,52.1301,mgmt_sci,2,0,1,R,2023-24
236230,WA,52.1399,mgmt_sci,9,0,1,R,2023-24
236595,WA,52.1301,mgmt_sci,59,0,28,R,2023-24
236595,WA,52.1399,mgmt_sci,22,0,16,R,2023-24
236939,WA,27.0501,stats,9,0,7,R,2023-24
236939,WA,45.0603,econ,7,0,2,R,2023-24
236948,WA,27.0501,stats,46,0,34,R,2023-24
236948,WA,45.0603,econ,10,0,8,R,2023-24
236948,WA,52.1301,mgmt_sci,129,0,109,R,2023-24
236948,WA,52.1399,mgmt_sci,105,0,69,R,2023-24
237312,WV,30.7102,analytics,26,0,0,R,2023-24
237525,WV,30.7001,ds,1,0,0,R,2023-24
237525,WV,52.1399,mgmt_sci,7,0,0,R,2023-24
238032,WV,45.0603,econ,18,0,6,R,2023-24
238032,WV,52.1301,mgmt_sci,32,0,1,R,2023-24
238458,WI,52.1301,mgmt_sci,32,0,0,R,2023-24
238616,WI,30.7102,analytics,3,0,3,R,2023-24
238661,WI,52.1399,mgmt_sci,11,0,2,R,2023-24
239080,WI,52.1301,mgmt_sci,4,0,0,R,2023-24
239105,WI,27.0601,stats,3,0,0,R,2023-24
239105,WI,30.7199,analytics,4,0,0,R,2023-24
239105,WI,45.0603,econ,6,0,0,R,2023-24
239105,WI,52.1301,mgmt_sci,3,0,1,R,2023-24
239318,WI,52.1301,mgmt_sci,22,0,1,R,2023-24
240189,WI,30.7102,analytics,24,0,1,R,2023-24
240268,WI,30.7001,ds,16,0,3,R,2023-24
240277,WI,30.7001,ds,22,0,2,R,2023-24
240329,WI,27.0601,stats,5,0,0,R,2023-24
240329,WI,30.7001,ds,17,0,2,R,2023-24
240365,WI,30.7001,ds,15,0,0,R,2023-24
240417,WI,52.1399,mgmt_sci,20,0,0,R,2023-24
240426,WI,30.7001,ds,4,0,0,R,2023-24
240444,WI,27.0501,stats,79,0,69,R,2023-24
240444,WI,30.7001,ds,2,0,1,R,2023-24
240444,WI,45.0603,econ,147,0,129,R,2023-24
240444,WI,52.1301,mgmt_sci,19,0,10,R,2023-24
240444,WI,52.1399,mgmt_sci,160,0,127,R,2023-24
240453,WI,30.7001,ds,7,0,6,R,2023-24
240453,WI,30.7102,analytics,32,0,3,R,2023-24
240453,WI,45.0603,econ,5,0,2,R,2023-24
240453,WI,52.1399,mgmt_sci,125,0,16,R,2023-24
240480,WI,30.7001,ds,5,0,0,R,2023-24
240727,WY,27.0501,stats,4,0,1,R,2023-24
240727,WY,45.0603,econ,12,0,3,R,2023-24
242653,PR,52.1301,mgmt_sci,5,0,0,R,2023-24
243197,PR,27.0501,stats,6,0,5,R,2023-24
243744,CA,27.0501,stats,60,0,34,R,2023-24
243744,CA,45.0603,econ,11,0,8,R,2023-24
243744,CA,52.1301,mgmt_sci,511,0,184,R,2023-24
243780,IN,27.0501,stats,25,0,20,R,2023-24
243780,IN,27.0502,stats,5,0,2,R,2023-24
243780,IN,45.0603,econ,46,0,8,R,2023-24
243780,IN,52.1301,mgmt_sci,74,0,52,R,2023-24
243780,IN,52.1399,mgmt_sci,105,0,65,R,2023-24
377564,WA,52.1399,mgmt_sci,47,0,24,R,2023-24
413413,MN,52.1301,mgmt_sci,22,0,1,R,2023-24
414878,IN,30.7102,analytics,737,0,731,R,2023-24
437097,VA,52.1301,mgmt_sci,15,0,0,R,2023-24
445188,CA,45.0603,econ,2,0,0,R,2023-24
445188,CA,52.1399,mgmt_sci,12,0,2,R,2023-24
446640,PA,30.7102,analytics,4,0,4,R,2023-24
446640,PA,52.1301,mgmt_sci,302,0,289,R,2023-24
446640,PA,52.1399,mgmt_sci,4,0,4,R,2023-24
449339,WV,52.1301,mgmt_sci,46,0,0,R,2023-24
449870,CA,52.1302,mgmt_sci,3,0,3,R,2023-24
459727,CA,30.7102,analytics,6,0,0,R,2023-24
460349,RI,52.1301,mgmt_sci,4,0,0,R,2023-24
476975,CO,52.1301,mgmt_sci,27,0,0,R,2023-24
479956,PA,27.0501,stats,49,0,8,R,2023-24
479956,PA,52.1399,mgmt_sci,146,0,5,R,2023-24
482149,GA,30.7001,ds,2,0,0,R,2023-24
482705,MA,45.0603,econ,77,0,69,R,2023-24
482705,MA,52.1301,mgmt_sci,1132,0,1013,R,2023-24
482705,MA,52.1302,mgmt_sci,12,0,1,R,2023-24
482936,FL,30.7001,ds,12,0,8,R,2023-24
483124,AZ,27.0601,stats,28,0,1,R,2023-24
483124,AZ,52.1301,mgmt_sci,147,0,13,R,2023-24
484613,AZ,30.7001,ds,34,0,4,R,2023-24
486840,GA,30.7001,ds,12,0,3,R,2023-24
487524,ME,52.1399,mgmt_sci,3,0,0,R,2023-24
489779,IN,30.7101,analytics,23,0,0,R,2023-24
489937,NC,30.7001,ds,14,0,11,R,2023-24
490133,CA,30.7101,analytics,82,0,79,R,2023-24
493512,CA,52.1399,mgmt_sci,4,0,3,R,2023-24
494551,NY,52.1301,mgmt_sci,12,0,6,R,2023-24
498571,PA,30.7001,ds,6,0,0,R,2023-24
