snapshot_id,page_id,run_id,method,retrieved_at,requested_url,final_url,http_status,content_type,raw_sha256,raw_bytes,normalizer_version,norm_sha256,norm_chars,classification,prev_snapshot_id,added_lines,removed_lines,note
snap-20261004T014608Z-pg-0006,pg-0006,run-20261004T014459Z-auto,auto,2026-10-04T01:46:08Z,https://gsas.nyu.edu/admissions/arc/programs/data-science.html,https://gsas.nyu.edu/admissions/arc/programs/data-science.html,200,html,95e1788f106789c60e2a1f2bf962ac37e9acc01ba213f71f2b0bdc990b918f68,149907,1,d7f6f96059c902a6ae450e76ca699cf5c7b0c9a5708268560924503f0a63d2cf,5002,first_capture,,,,charset=utf-8
snap-20261004T014612Z-pg-0007,pg-0007,run-20261004T014459Z-auto,auto,2026-10-04T01:46:12Z,https://datascience.unt.edu/programs/msds/index.html,https://datascience.unt.edu/programs/msds/index.html,200,html,c513f2ef5305e50d62efbcca96ed0abb19fb0bc9009f3b53c75df073de39fabb,78562,1,46b6170b700f7f1024946ffc5d5e011fc09c0e729071612b078f33b326e4552f,6600,first_capture,,,,charset=utf-8
snap-20261004T014615Z-pg-0008,pg-0008,run-20261004T014459Z-auto,auto,2026-10-04T01:46:15Z,https://datascience.unt.edu/programs/msds/admission.html,https://datascience.unt.edu/programs/msds/admission.html,200,html,f1a45196ef6095491355581b255f010129faa0fd89480a408b347a0f48b1b5bd,50574,1,3e81d5a235e6810d09dc3261d1b2ce75b9d3675acc9f791eb7e69a2b11af5b58,2722,first_capture,,,,charset=utf-8
snap-20261004T014619Z-pg-0009,pg-0009,run-20261004T014459Z-auto,auto,2026-10-04T01:46:19Z,https://datascience.unt.edu/programs/msds/degree-structure.html,https://datascience.unt.edu/programs/msds/degree-structure.html,200,html,bbc611babc3475b0e7e11d747015a743f979baa3e23fc97cf411be6b6322005d,77114,1,df9cd81113f533de350410be6a7dd7565f2226bd48456db660169fb019fea536,9724,first_capture,,,,charset=utf-8
snap-20261004T014623Z-pg-0010,pg-0010,run-20261004T014459Z-auto,auto,2026-10-04T01:46:23Z,https://datascience.virginia.edu/degrees/msds-residential,https://datascience.virginia.edu/degrees/msds-residential,200,html,091c22ea7e7eae6e1a44c18f8cadb880f9a73a69006a18d977fe503108ba6ee0,548449,1,e57f35bd7ff83b8f154171ee32ebc2877fbe25b11e5671b1e8da63dcfdde55c7,7101,first_capture,,,,charset=utf-8
snap-20261004T014627Z-pg-0011,pg-0011,run-20261004T014459Z-auto,auto,2026-10-04T01:46:27Z,https://datascience.virginia.edu/msds/faqs,https://datascience.virginia.edu/msds/faqs,200,html,e3e2c60267a22bdf463dd0547d02a0b0cf1d114dac4e143ea09e73607f1b6513,269325,1,be0727f6bc22ac91bd6bb11a70fb1ec8791c6fd63768c88b7ed1409d861d1f09,20070,first_capture,,,,charset=utf-8
snap-20261004T014630Z-pg-0012,pg-0012,run-20261004T014459Z-auto,auto,2026-10-04T01:46:30Z,https://datascience.virginia.edu/degrees/info/deadlines-and-events,https://datascience.virginia.edu/degrees/info/deadlines-and-events,200,html,446802c781d4dfb4764683a5f1bb2daa693325d939b463a3fcaa4c36b2addeb4,254107,1,719601dcb2954c9fd1417236961a2b490217ed8dbb324a3592fda0e2b0af9ca3,4235,first_capture,,,,charset=utf-8
snap-20261004T014634Z-pg-0013,pg-0013,run-20261004T014459Z-auto,auto,2026-10-04T01:46:34Z,https://datascience.virginia.edu/msds/admissions,https://datascience.virginia.edu/msds/admissions,200,html,c8e2043767cc73d26397cdf3de2e8005f3323e8a84cc444fe6bb59a403bffbc1,501749,1,82ec5b85c3714a6e7a18d090c69beb8fc8b74ea1ebd2c0c4f341067d2da8056e,20524,first_capture,,,,charset=utf-8
snap-20261004T014638Z-pg-0014,pg-0014,run-20261004T014459Z-auto,auto,2026-10-04T01:46:38Z,https://infosystems.utdallas.edu/ms-business-analytics/,https://infosystems.utdallas.edu/ms-business-analytics/,200,html,8b339501f96c8413ee60df25a12dc887fe34323a3a06dc125d5858555dd82b53,171648,1,295a8e2e8ea07b8ba4a5388f2a413d986ac6361a5e3092372988eb9c94120fb9,13673,first_capture,,,,charset=utf-8
snap-20261004T014642Z-pg-0015,pg-0015,run-20261004T014459Z-auto,auto,2026-10-04T01:46:42Z,https://infosystems.utdallas.edu/ms-business-analytics/faq/,https://infosystems.utdallas.edu/ms-business-analytics/faq/,200,html,bf3a9c353d4c7f07ae710c1b7742a0a94f8e5f11cb0b80913f6ac0c8cf84eb1f,155604,1,3936bc998e133b0e66d3fb3620556a48597789ae36e27511977af092cdfbfd37,17852,first_capture,,,,charset=utf-8
snap-20261004T014645Z-pg-0016,pg-0016,run-20261004T014459Z-auto,auto,2026-10-04T01:46:45Z,https://infosystems.utdallas.edu/ms-business-analytics-cohort/,https://infosystems.utdallas.edu/ms-business-analytics-cohort/,200,html,4cfea350b1edb86de2153fa6232b2d49fb3dd793f5095520f11a47923a89253f,108298,1,97e7e7000d698351b9f66077bd04fc6f007d3ddbd1681dc3a4b29c0fc0a31094,2718,first_capture,,,,charset=utf-8
snap-20261004T014649Z-pg-0017,pg-0017,run-20261004T014459Z-auto,auto,2026-10-04T01:46:49Z,https://infosystems.utdallas.edu/ms-business-analytics-cohort/application-process/,https://infosystems.utdallas.edu/ms-business-analytics-cohort/application-process/,200,html,f83b03c8268f9533e7e761d115b308ee31acb5368a20675f17f586a2d88f83de,98517,1,01ad7e900dc594178e82ed2ce6c41c2f39d54a331ce919595064f450a2f5ff26,5252,first_capture,,,,charset=utf-8
snap-20261004T014652Z-pg-0018,pg-0018,run-20261004T014459Z-auto,auto,2026-10-04T01:46:52Z,https://infosystems.utdallas.edu/ms-business-analytics-cohort/tuition/,https://infosystems.utdallas.edu/ms-business-analytics-cohort/tuition/,200,html,8503898a01c1ecb1709cf4fc79588a5eb9e906fbf214e778b789fc1444e91801,94813,1,3623ae04318f216f617fd21be47602c4ec81516f06b8858e37359f9f79970ca9,2744,first_capture,,,,charset=utf-8
snap-20261004T014656Z-pg-0019,pg-0019,run-20261004T014459Z-auto,auto,2026-10-04T01:46:56Z,https://jindal.utdallas.edu/admission-requirements/masters/,https://jindal.utdallas.edu/admission-requirements/masters/,200,html,407f5819355deaac3cf97ba163c22374d4e86f9f1bd353409f4e885acb64b7a5,127954,1,9df8fae6f9f3c89c27ea1dad910f3fec3de9f36c33ac74c8fb90ede4cfaf04ac,7830,first_capture,,,,charset=utf-8
snap-20261004T014700Z-pg-0020,pg-0020,run-20261004T014459Z-auto,auto,2026-10-04T01:47:00Z,https://graduate-admissions.utdallas.edu/apply-to-ut-dallas/deadlines-and-fees/,https://graduate-admissions.utdallas.edu/apply-to-ut-dallas/deadlines-and-fees/,200,html,0d3bf9bd1e07a3717353a9026af9510ae51b4ad0821cea5074cce9206df095be,138665,1,572d59735434fda5b33ea9de430bdab2fc20f0630ee616f89655410da54767d5,5751,first_capture,,,,charset=utf-8
snap-20261004T014704Z-pg-0021,pg-0021,run-20261004T014459Z-auto,auto,2026-10-04T01:47:04Z,https://analytics.business.uconn.edu/ms-in-business-analytics-and-project-management-msbapm/,https://analytics.business.uconn.edu/ms-in-business-analytics-and-project-management-msbapm/,200,html,ba7202ea9e9c75fbf12f696d22d0925dc11117fb57cf5afe247a2c4e372b34a0,215155,1,4110dcfd82c1b9582f5bcd182a4efae9604eddd53705a1e1156dca1aa4f65471,6640,first_capture,,,,charset=utf-8
snap-20261004T014709Z-pg-0023,pg-0023,run-20261004T014459Z-auto,auto,2026-10-04T01:47:09Z,https://analytics.business.uconn.edu/faq/,https://analytics.business.uconn.edu/faq/,200,html,c00e6e9e4ce7a0630e63d2301c289144e30a2f8407e1436370594fc5a6bfda75,195192,1,b44a4acc73ac152644e7679e27ded64a98c473f1e48eb057ea4383170b016c92,12196,first_capture,,,,charset=utf-8
snap-20261004T014713Z-pg-0024,pg-0024,run-20261004T014459Z-auto,auto,2026-10-04T01:47:13Z,https://analytics.business.uconn.edu/cost-financial-aid/,https://analytics.business.uconn.edu/cost-financial-aid/,200,html,325f4f31f5b26acb45171a87f0b27ec087b5dfa473b705880bb124f2c9a5eb1e,176275,1,3311c4f9e968a22f3f905df9bfec1fa3906177296aca159ead80d2d04afaa087,3738,first_capture,,,,charset=utf-8
snap-20261004T014718Z-pg-0025,pg-0025,run-20261004T014459Z-auto,auto,2026-10-04T01:47:18Z,https://www.bu.edu/questrom/graduate-programs/specialty-masters-programs/ms-in-business-analytics/,https://www.bu.edu/questrom/graduate-programs/specialty-masters-programs/ms-in-business-analytics/,200,html,2233b1cd6d1ecdd696b3a4dc0e3e39bbe3dc401d527edb6bffc15353038387c8,335139,1,e5e46c5686e4445ee43ff9e3b67ab1647d1aceb978a6e0fe89e368bdea771fff,18271,first_capture,,,,charset=utf-8
snap-20261004T014722Z-pg-0026,pg-0026,run-20261004T014459Z-auto,auto,2026-10-04T01:47:22Z,https://www.bu.edu/questrom/graduate-programs/specialty-masters-programs/ms-in-business-analytics/admissions/,https://www.bu.edu/questrom/graduate-programs/specialty-masters-programs/ms-in-business-analytics/admissions/,200,html,e58a781a253962aa4a8a7c243c3434e7a9efa5e453bc508cb42dd9b19c9134b6,257767,1,d0b7dfa2ff50e0bdacca1899182df6450db1e2ec9af1442c527ee5a4a7ea69f4,32913,first_capture,,,,charset=utf-8
snap-20261004T014725Z-pg-0028,pg-0028,run-20261004T014459Z-auto,auto,2026-10-04T01:47:25Z,https://datascience.uchicago.edu/education/masters-programs/in-person-program/,https://datascience.uchicago.edu/education/masters-programs/in-person-program/,200,html,1c2d9189fde3df9d8e0eafb4e58ed9fb33cf0f7b4d70386fe2bb5f67ce413661,157159,1,cfdf345403db8f1d2a9eef1e6f9a15c5257a5fe563ccbd834bade10e61410ac1,37077,first_capture,,,,charset=utf-8
snap-20261004T014728Z-pg-0029,pg-0029,run-20261004T014459Z-auto,auto,2026-10-04T01:47:28Z,https://datascience.uchicago.edu/education/masters-programs/ms-in-applied-data-science/how-to-apply/,https://datascience.uchicago.edu/education/masters-programs/ms-in-applied-data-science/how-to-apply/,200,html,c73e6ae7680a4f06ba56456394080f4a629355eb762cb859dd70ea9eded24b6d,118639,1,3b038549aa2d538cc9737edb67d6b776db8b91695d5adaa8ec1286b4748bbe81,7102,first_capture,,,,charset=utf-8
snap-20261004T014732Z-pg-0030,pg-0030,run-20261004T014459Z-auto,auto,2026-10-04T01:47:32Z,https://datascience.uchicago.edu/education/masters-programs/ms-in-applied-data-science/faqs/,https://datascience.uchicago.edu/education/masters-programs/ms-in-applied-data-science/faqs/,200,html,354e7be9475657fd9857a02b1bce4fe5c82155e69aae7887c241b4a09df708bc,137181,1,a4842affb4fb7acf1bf102dbcea3acde2932ebb5c92841a13837efe7a941a78d,16929,first_capture,,,,charset=utf-8
snap-20261004T014736Z-pg-0031,pg-0031,run-20261004T014459Z-auto,auto,2026-10-04T01:47:36Z,https://stat.wisc.edu/graduate-admissions/ms-program/,https://stat.wisc.edu/graduate-admissions/ms-program/,200,html,7f5e7a22ccd3ea349710bf2d179cbc91e1dd68c61fab181502fc00cbe535a83d,291363,1,25ddb29df11b168c632b75b0f39130796788da2a44a0bf941fe0c6a6e3256ede,8686,first_capture,,,,charset=utf-8
snap-20261004T014740Z-pg-0032,pg-0032,run-20261004T014459Z-auto,auto,2026-10-04T01:47:40Z,https://stat.wisc.edu/graduate-admissions/data-science-option/,https://stat.wisc.edu/graduate-admissions/data-science-option/,200,html,6db20e86e430265a0b78a11b34dde5684051c88943c159627fa0af66ab590bc7,359333,1,f5038e296d19f6dd4978c1570a309b1e42ada2cc661af19ac911899d724d3c32,18394,first_capture,,,,charset=utf-8
snap-20261004T014743Z-pg-0033,pg-0033,run-20261004T014459Z-auto,auto,2026-10-04T01:47:43Z,https://stat.wisc.edu/graduate-admissions/,https://stat.wisc.edu/graduate-admissions/,200,html,0ddf3b4756b3fdf7f1c4bf602827f3c9a117c194ddfd36750310f0e803d375f2,306834,1,d7a29086fd7d7f2b2e581fd24fd468d044349ffa6e3e05a3be54a05f7fc2c629,3372,first_capture,,,,charset=utf-8
snap-20261004T014749Z-pg-0040,pg-0040,run-20261004T014459Z-auto,auto,2026-10-04T01:47:49Z,https://econ.wisc.edu/msqe/,https://econ.wisc.edu/msqe/,200,html,f844e8a4c1570078bd9a81857e554d49ffb580d893a1140c3da68ebe746f478e,283703,1,bd54015fd47a0360bd7740c7d33731fb87f48c4dbe2fd761ef1d44c3c6b2fee3,2861,first_capture,,,,charset=utf-8
snap-20261004T014753Z-pg-0041,pg-0041,run-20261004T014459Z-auto,auto,2026-10-04T01:47:53Z,https://econ.wisc.edu/msqe-admissions/,https://econ.wisc.edu/msqe-admissions/,200,html,4c554147edeb3d521ae54817f17a26692be7b01dce80c4f53cd046c482c5b9dd,265779,1,662e572ad4e32bac9dea8252d7676153daa4c6677fa1583e4ef1503122a2c6cc,793,first_capture,,,,charset=utf-8
snap-20261004T014757Z-pg-0048,pg-0048,run-20261004T014459Z-auto,auto,2026-10-04T01:47:57Z,https://master.econ.ucla.edu/,https://master.econ.ucla.edu/,200,html,ee765cc0b1cc79a2bf518f32fb3e7c29d6999edc3144815635d772e989b3e76d,94908,1,b923f201f8e199339d365121d87adf62f189cbd8272ce73dcf7c48cc2c027639,3050,first_capture,,,,charset=utf-8
snap-20261004T014801Z-pg-0049,pg-0049,run-20261004T014459Z-auto,auto,2026-10-04T01:48:01Z,https://master.econ.ucla.edu/admissions/,https://master.econ.ucla.edu/admissions/,200,html,f16f6d40f2cb613ec8a7ed62f67bb5757709c16ba5c86974e775380c236fc1ca,138133,1,a1b59daed3ecafc0ad4803d29fa2f82d64b7b2114b08cb091b4fdb42756c3692,21346,first_capture,,,,charset=utf-8
snap-20261004T014812Z-pg-0050,pg-0050,run-20261004T014459Z-auto,auto,2026-10-04T01:48:12Z,https://grad.ucla.edu/requirements/?app=admission&major=00HB,https://grad.ucla.edu/requirements/?app=admission&major=00HB,200,html,3f6fb9168c557cf313f44fe97d40f5f1128bb03dce0ad119da4066fb087e1f52,5925,1,844b08a304a2cbadd0da0eb64b0f8351ac53a467101aa2aa0a72f883ab126bd2,1321,first_capture,,,,charset=iso-8859-15
snap-20261004T014817Z-pg-0052,pg-0052,run-20261004T014459Z-auto,auto,2026-10-04T01:48:17Z,https://analytics.business.uconn.edu/apply/,https://analytics.business.uconn.edu/apply/,200,html,64d0f2e336b4c01e912b83d27daf6114c7aba32d6744af7d34c9a765cf979ba1,190757,1,a389f85b2903980c046e07d1a8013c62670c6c03f7fb928d5bc0b01328953a2e,6556,first_capture,,,,charset=utf-8
snap-20261004T014820Z-pg-0054,pg-0054,run-20261004T014459Z-auto,auto,2026-10-04T01:48:20Z,https://www.fuqua.duke.edu/programs/mqm-business-analytics,https://www.fuqua.duke.edu/programs/mqm-business-analytics,200,html,172f57cda7a808d6a2384ac71d2aca59c0cf1e6ce36549f1564d93e6af5f6f19,71205,1,508f3262426aa779f0d0930ce43b8bbf7c354ce9eaf69bac21c0972de0e2c7a9,3607,first_capture,,,,charset=utf-8
snap-20261004T014823Z-pg-0055,pg-0055,run-20261004T014459Z-auto,auto,2026-10-04T01:48:23Z,https://www.fuqua.duke.edu/programs/mqm-business-analytics/application-instructions,https://www.fuqua.duke.edu/programs/mqm-business-analytics/application-instructions,200,html,4ba3864b0801e8277ddd2bcef815c0e0ff0a699d7c9903ee7d6ed465a55f13cc,113155,1,41a6fb9e92dedf87f69901f857d0fdfe251f88fc0c29da6eaa0d754716d33a81,28909,first_capture,,,,charset=utf-8
snap-20261004T014827Z-pg-0056,pg-0056,run-20261004T014459Z-auto,auto,2026-10-04T01:48:27Z,https://www.fuqua.duke.edu/programs/mqm-business-analytics/admissions-facts-dates,https://www.fuqua.duke.edu/programs/mqm-business-analytics/admissions-facts-dates,200,html,8aace4b715e20396899185f026b01215d724df91ee0dc0d88785d9d69a4672cf,83157,1,8ca0028a83c579da5078a37a29b038dc1cd5b41129122ba7a4dc49a29f796174,8834,first_capture,,,,charset=utf-8
snap-20261004T014830Z-pg-0057,pg-0057,run-20261004T014459Z-auto,auto,2026-10-04T01:48:30Z,https://www.fuqua.duke.edu/programs/mqm-business-analytics/faq,https://www.fuqua.duke.edu/programs/mqm-business-analytics/faq,200,html,f34745336cfae11b6b99a9b883c8aa361ad6ee0e3fa412a8b1051896c6677f9d,76994,1,1f4b43667f494b4ebcdaed4201ff2e0b20bb8d64b4401b6fd9b52af1bae28357,14185,first_capture,,,,charset=utf-8
snap-20261004T014834Z-pg-0065,pg-0065,run-20261004T014459Z-auto,auto,2026-10-04T01:48:34Z,https://olin.washu.edu/programs/specialized-masters/ms-in-business-analytics/index.php,https://olin.washu.edu/programs/specialized-masters/ms-in-business-analytics/index.php,200,html,00e3480c78649f6f9e12e5f6118ea92c8502c302b7eb12ba2323a31b08b04ace,146864,1,f480bf7becde7d33afac8e19047cb028f598202f250fa2ae434f0509a6baafdf,5180,first_capture,,,,charset=utf-8
snap-20261004T014837Z-pg-0066,pg-0066,run-20261004T014459Z-auto,auto,2026-10-04T01:48:37Z,https://olin.washu.edu/programs/specialized-masters/on-campus-smp-apply.php,https://olin.washu.edu/programs/specialized-masters/on-campus-smp-apply.php,200,html,a2ac27cbfee1700c722a801adb3f19b09f3584e4cd09052b76d3d17405ff0916,157721,1,ef21a307a5daccfbc84a4f340f16cd8293a502287961fa12ccd0fecb1e9b9ce8,9762,first_capture,,,,charset=utf-8
snap-20261004T014841Z-pg-0068,pg-0068,run-20261004T014459Z-auto,auto,2026-10-04T01:48:41Z,https://olin.washu.edu/programs/specialized-masters/ms-in-business-analytics/cost-aid-scholarships.php,https://olin.washu.edu/programs/specialized-masters/ms-in-business-analytics/cost-aid-scholarships.php,200,html,69c96a7c8498bcf723624f2ab7d644a33ef5df0b485691628b744307072f33b0,125811,1,5ae0f96fe7883e6360920357afda56d3c89b22c20cf686459af7827000251982,3214,first_capture,,,,charset=utf-8
snap-20261004T150001Z-pg-0053,pg-0053,run-20261004T151335Z-manual,manual,2026-10-04T15:00:01Z,https://www.gsas.columbia.edu/content/admissions-deadlines,https://www.gsas.columbia.edu/content/admissions-deadlines,,mhtml,0d9dfab5c9ed3834f0fed18fc76e8b64cb17dc0182eaeb2dafe9a7d9eb3252ae,1187982,1,994a5788959f90c167dd7570fe8c893573a0995fe57c953601a0a619c34b090d,16126,first_capture,,,,retrieved_at_from_mtime
snap-20261004T150247Z-pg-0063,pg-0063,run-20261004T151335Z-manual,manual,2026-10-04T15:02:47Z,https://carey.jhu.edu/admissions/deadlines,https://carey.jhu.edu/admissions/deadlines,,mhtml,9b3fa569186e2da2ce43b5ffb6e7aba6b6903737ff2c361f918995f707021f30,3086926,1,4defc69dfeaf59b270e33b19ac8159afd31713b1492a84c7d9eabe74bf7a70dc,4516,first_capture,,,,retrieved_at_from_mtime
snap-20261004T150133Z-pg-0051,pg-0051,run-20261004T151335Z-manual,manual,2026-10-04T15:01:33Z,https://www.engineering.columbia.edu/admissions-aid/graduate-admissions/apply-now,https://www.engineering.columbia.edu/admissions-aid/graduate-admissions/apply-now,,mhtml,ab126fd3d1044f330bbe896ca406db3f72b34cffdded9e4c1455a970a904463f,926979,1,201906316edd5d315ac54c0689ed9ae05858d7b8d73508ebf7d809b5d0f731eb,7345,first_capture,,,,retrieved_at_from_mtime
snap-20261004T145937Z-pg-0036,pg-0036,run-20261004T151335Z-manual,manual,2026-10-04T14:59:37Z,https://ma.stat.columbia.edu/admissions-faq/,https://ma.stat.columbia.edu/admissions-faq/,,mhtml,bd152d4262baf228332b883c51958b480ce97a9f8683ba76a1917d52024114fe,2293666,1,16fafacad2d3113811afbc64d72169819bc7081f493b395ad3d809296c826a80,11730,first_capture,,,,retrieved_at_from_mtime
snap-20261004T145926Z-pg-0035,pg-0035,run-20261004T151335Z-manual,manual,2026-10-04T14:59:26Z,https://ma.stat.columbia.edu/applications-checklist/,https://ma.stat.columbia.edu/applications-checklist/,,mhtml,732045c46055e5ce138de13c9221fb8ddcd9eb00efc3593e1e176984e049b8c0,3078270,1,e815190b09d4b5d59f2ca113d4adab143681bc2d974fb0c4a36c0995c046cf98,4459,first_capture,,,,retrieved_at_from_mtime
snap-20261004T145909Z-pg-0034,pg-0034,run-20261004T151335Z-manual,manual,2026-10-04T14:59:09Z,https://ma.stat.columbia.edu/,https://ma.stat.columbia.edu/,,mhtml,023b3a4fbdbb5aaccbc9a43f766d9c9c579b8a3301198de1f8cbc6ff7ffd2514,2251475,1,eedd85e9cd4c06b9d016cc113862bfac284d3442b8125858e2989fc46fe5d17b,3679,first_capture,,,,retrieved_at_from_mtime
snap-20261004T150220Z-pg-0047,pg-0047,run-20261004T151335Z-manual,manual,2026-10-04T15:02:20Z,https://krieger.jhu.edu/graduate-admissions/apply/exams/,https://krieger.jhu.edu/graduate-admissions/apply/exams/,,mhtml,2bd82f93c7020790665986e4ab3d02e9fc5c7c4650dca0995cc3d12ed21cf3d6,999412,1,493bd35b23374f39756f66cb5c1d7450e064a1f89acf6765d2abfca277b12710,2393,first_capture,,,,retrieved_at_from_mtime
snap-20261004T150348Z-pg-0060,pg-0060,run-20261004T151335Z-manual,manual,2026-10-04T15:03:48Z,https://simon.rochester.edu/programs/full-time-ms/admissions/admissions-faqs,https://simon.rochester.edu/programs/full-time-ms/admissions/admissions-faqs,,mhtml,bade6e51580fd1b6fe4eaac6e69b10dd4e3b5fe8caeb2cc5b4efa822c26993bd,316074,1,c915083758fd9be7051069cea61bb2bdd9da2106c91a2fa4e009912df5103f4b,21299,first_capture,,,,retrieved_at_from_mtime
snap-20261004T150341Z-pg-0059,pg-0059,run-20261004T151335Z-manual,manual,2026-10-04T15:03:41Z,https://simon.rochester.edu/programs/full-time-ms/admissions,https://simon.rochester.edu/programs/full-time-ms/admissions,,mhtml,dcfd7d070b9033e60fa80b2daae83ccbdfc328447f13ed2bb1217a5fb22ba78d,400418,1,052ff535350bb430eed5067636fad53fd9d74718800009e510fc36f30dc1ac0a,5377,first_capture,,,,retrieved_at_from_mtime
snap-20261004T150238Z-pg-0062,pg-0062,run-20261004T151335Z-manual,manual,2026-10-04T15:02:38Z,https://carey.jhu.edu/admissions/how-to-apply/ms-full-time,https://carey.jhu.edu/admissions/how-to-apply/ms-full-time,,mhtml,77ab2d7ece0b39ffc00342d4cdd1c93bc8bd0931ce483852a87610bacf9f157c,2044810,1,c154f0235a1db887dcd28ca636e9baa29883bf7e1dbfb7e8c32167aa321c98e0,11909,first_capture,,,,retrieved_at_from_mtime
snap-20261004T150334Z-pg-0058,pg-0058,run-20261004T151335Z-manual,manual,2026-10-04T15:03:34Z,https://simon.rochester.edu/programs/full-time-ms-in-business-analytics,https://simon.rochester.edu/programs/full-time-ms-in-business-analytics,,mhtml,aee31113fbbbe88e8d6e21b14b3b8363e4489726033db3e86f80ab6cd87e4354,715430,1,c80b03bc8c333989104689d52bb69d1acf59c4e0d61839c6c755788286c6ff7d,3343,first_capture,,,,retrieved_at_from_mtime
snap-20261004T150253Z-pg-0064,pg-0064,run-20261004T151335Z-manual,manual,2026-10-04T15:02:53Z,https://carey.jhu.edu/admissions/international-applicants,https://carey.jhu.edu/admissions/international-applicants,,mhtml,f713fc4a47fab8cf8667c94f8f08213e57c4eb22f773e11ce5d2d610e5831c7e,2158871,1,6e84da7f03b63b27ec450a72b1e1f3a89079793fa8f57e94c9cc4cdcaafc0daa,9264,first_capture,,,,retrieved_at_from_mtime
snap-20261004T150125Z-pg-0001,pg-0001,run-20261004T151335Z-manual,manual,2026-10-04T15:01:25Z,https://datascience.columbia.edu/education/ms-data-science,https://datascience.columbia.edu/education/ms-data-science,,mhtml,fd57c4d59ae6fd51337d99d685248d1a7a99136042ec565cfc7eaa824ba4e0a9,2751239,1,5c98695853240f79be5bb2903757df68777b3fae3a03faf50374204e626b9564,6126,first_capture,,,,retrieved_at_from_mtime
snap-20261004T150303Z-pg-0003,pg-0003,run-20261004T151335Z-manual,manual,2026-10-04T15:03:03Z,https://cds.nyu.edu/masters-in-data-science-overview/,https://cds.nyu.edu/masters-in-data-science-overview/,,mhtml,9af324cba99f42c3deaa24c806182fc1176bfcaacc3aec5c1853eef3b54d4208,1058797,1,99a3429bc529965c7bd435d7713a4ba1d14271a97330d1dd001cce3121e24361,2169,first_capture,,,,retrieved_at_from_mtime
snap-20261004T150310Z-pg-0004,pg-0004,run-20261004T151335Z-manual,manual,2026-10-04T15:03:10Z,https://cds.nyu.edu/admissions/masters-in-data-science-admissions-req/admissions-requirements/,https://cds.nyu.edu/admissions/masters-in-data-science-admissions-req/admissions-requirements/,,mhtml,8168129850d03125058a31c44d81f3b0b9643ed74d83d2958895e1ce91fe4d19,839805,1,34a4ab810f19af989ddc462877217b11b7d152d48045b4a61cdf136d13efa6b7,7038,first_capture,,,,retrieved_at_from_mtime
snap-20261004T150318Z-pg-0005,pg-0005,run-20261004T151335Z-manual,manual,2026-10-04T15:03:18Z,https://cds.nyu.edu/masters-in-data-science-faq/,https://cds.nyu.edu/masters-in-data-science-faq/,,mhtml,066b054e217f8c9b15f866338ec84839cc78ad6ec2a698bf126183d6e38d8abf,890177,1,669bab817da470db5a9e25260db1937e38521e89dd4d7f86cb3272a497a52e21,5715,first_capture,,,,retrieved_at_from_mtime
snap-20261004T150146Z-pg-0045,pg-0045,run-20261004T151335Z-manual,manual,2026-10-04T15:01:46Z,https://econ.jhu.edu/graduate/masters-in-economics/,https://econ.jhu.edu/graduate/masters-in-economics/,,mhtml,9a1f59ecd8738be0cc47c6e578634a4d8653a5e238c77534fcc5bf6a722cbb41,1177452,1,d0455c8bb045e24954bdb58bbf5ece3d2ec9b70414df5a22397fade49035b485,4584,first_capture,,,,retrieved_at_from_mtime
snap-20261004T150212Z-pg-0046,pg-0046,run-20261004T151335Z-manual,manual,2026-10-04T15:02:12Z,https://krieger.jhu.edu/graduate-admissions/programs-and-deadlines/,https://krieger.jhu.edu/graduate-admissions/programs-and-deadlines/,,mhtml,38ebe031d22eb6d94aa10d14f070dab7ab48c6ca547ca09d2e1eaf9b5ee31046,1024393,1,52e41c517fb57c6416b3d131438c83643f89fbcd28ec0b2aa3e3ae006b940e72,4530,first_capture,,,,retrieved_at_from_mtime
snap-20261004T145954Z-pg-0037,pg-0037,run-20261004T151335Z-manual,manual,2026-10-04T14:59:54Z,https://www.gsas.columbia.edu/content/statistics-ma,https://www.gsas.columbia.edu/content/statistics-ma,,mhtml,3cb273485b386d45450c8cd8c9260209472f431d6f710fc4d5550be6841b447b,1018242,1,371f1a4e4e96f3a50ece30973553263b9338e5e2e41776e5aad8ed253681da2f,6776,first_capture,,,,retrieved_at_from_mtime
snap-20261004T150941Z-pg-0044,pg-0044,run-20261004T151335Z-manual,manual,2026-10-04T15:09:41Z,https://dornsife.usc.edu/econ/masters/ms-aee-admissions/,https://dornsife.usc.edu/econ/masters/ms-aee-admissions/,,mhtml,bd28ccb42f1e77e44433103705f04bc01f1717c67c2f596fde749866966ebae8,982165,1,9353aefcb28e44fdff4fc45b2c24f99284ea43b6a1cc6c520d4f3aaec78a6a9f,4663,first_capture,,,,retrieved_at_from_mtime
snap-20261004T150935Z-pg-0043,pg-0043,run-20261004T151335Z-manual,manual,2026-10-04T15:09:35Z,https://dornsife.usc.edu/econ/masters/ms-aee/,https://dornsife.usc.edu/econ/masters/ms-aee/,,mhtml,ff6c4b3695a1fa5978176bab9ea91727667bd46a76a80988843b16b47c72891d,1359861,1,58ed946ec9df790ee306dcd38bda5a053247b3ee6a960f02dd822d814482c1fd,10949,first_capture,,,,retrieved_at_from_mtime
snap-20261004T150928Z-pg-0039,pg-0039,run-20261004T151338Z-manual,manual,2026-10-04T15:09:28Z,https://stat.illinois.edu/admissions/prospective-graduate-students/application-requirements,https://stat.illinois.edu/academics/graduate-programs/application-requirements,,mhtml,6d2dd9a069300827b91d589b5734ed343e0cafea0cc1a10118665517d725223b,1780201,1,efec657279946afa3bf4a5e50014ba8753adf78d509d9cb76f01c1e21ff95504,29296,first_capture,,,,retrieved_at_from_mtime; redirected
snap-20261006T153737Z-pg-0069,pg-0069,run-20261006T153848Z-manual,manual,2026-10-06T15:37:37Z,https://catalog.illinois.edu/graduate/las/statistics-ms/,https://catalog.illinois.edu/graduate/las/statistics-ms/,,mhtml,83d4358837256390c16bbd9c6b6843cd7b08318fb3266762c12c36eb12e3f6c9,572308,1,c8bf1c9a99346553487ea684d647bdceee2accdd983403b96dfe9682b38558b1,5685,first_capture,,,,retrieved_at_from_mtime
snap-20261006T153726Z-pg-0061,pg-0061,run-20261006T155726Z-manual,manual,2026-10-06T15:37:26Z,https://carey.jhu.edu/programs/master-science/business-analytics-artificial-intelligence/full-time,https://carey.jhu.edu/programs/master-science/business-analytics-artificial-intelligence,,mhtml,93dcb77df7f72b8cdd3c28690b4d931d94358a852a207a94528a2fe41065d0fd,3848854,1,6a9983f7cd2d0eaa039cdc86758a64d695c6c849ef7082228aab80d76f49cf78,8962,first_capture,,,,retrieved_at_from_mtime; redirected
