page_id,url,domain,page_type,owner_level,url_status,content_format,robots_allowed,crawl_allowed,added_at
pg-0001,https://datascience.columbia.edu/education/ms-data-science,datascience.columbia.edu,program_home,program,confirmed,html,yes,false,2026-10-02
pg-0003,https://cds.nyu.edu/masters-in-data-science-overview/,cds.nyu.edu,program_home,program,confirmed,html,yes,true,2026-10-02
pg-0004,https://cds.nyu.edu/admissions/masters-in-data-science-admissions-req/admissions-requirements/,cds.nyu.edu,requirements,program,confirmed,html,yes,true,2026-10-02
pg-0005,https://cds.nyu.edu/masters-in-data-science-faq/,cds.nyu.edu,faq,program,confirmed,html,yes,true,2026-10-02
pg-0006,https://gsas.nyu.edu/admissions/arc/programs/data-science.html,gsas.nyu.edu,admissions,graduate_school,confirmed,html,yes,true,2026-10-02
pg-0007,https://datascience.unt.edu/programs/msds/index.html,datascience.unt.edu,program_home,program,confirmed,html,yes,true,2026-10-02
pg-0008,https://datascience.unt.edu/programs/msds/admission.html,datascience.unt.edu,admissions,program,confirmed,html,yes,true,2026-10-02
pg-0009,https://datascience.unt.edu/programs/msds/degree-structure.html,datascience.unt.edu,other,program,confirmed,html,yes,true,2026-10-02
pg-0010,https://datascience.virginia.edu/degrees/msds-residential,datascience.virginia.edu,program_home,program,confirmed,html,yes,true,2026-10-02
pg-0011,https://datascience.virginia.edu/msds/faqs,datascience.virginia.edu,faq,program,confirmed,html,yes,true,2026-10-02
pg-0012,https://datascience.virginia.edu/degrees/info/deadlines-and-events,datascience.virginia.edu,deadlines,program,confirmed,html,yes,true,2026-10-02
pg-0013,https://datascience.virginia.edu/msds/admissions,datascience.virginia.edu,admissions,program,confirmed,html,yes,true,2026-10-02
pg-0014,https://infosystems.utdallas.edu/ms-business-analytics/,infosystems.utdallas.edu,program_home,program,confirmed,html,yes,true,2026-10-02
pg-0015,https://infosystems.utdallas.edu/ms-business-analytics/faq/,infosystems.utdallas.edu,faq,program,confirmed,html,yes,true,2026-10-02
pg-0016,https://infosystems.utdallas.edu/ms-business-analytics-cohort/,infosystems.utdallas.edu,program_home,program,confirmed,html,yes,true,2026-10-02
pg-0017,https://infosystems.utdallas.edu/ms-business-analytics-cohort/application-process/,infosystems.utdallas.edu,admissions,program,confirmed,html,yes,true,2026-10-02
pg-0018,https://infosystems.utdallas.edu/ms-business-analytics-cohort/tuition/,infosystems.utdallas.edu,tuition,program,confirmed,html,yes,true,2026-10-02
pg-0019,https://jindal.utdallas.edu/admission-requirements/masters/,jindal.utdallas.edu,requirements,department,confirmed,html,yes,true,2026-10-02
pg-0020,https://graduate-admissions.utdallas.edu/apply-to-ut-dallas/deadlines-and-fees/,graduate-admissions.utdallas.edu,deadlines,graduate_school,confirmed,html,yes,true,2026-10-02
pg-0021,https://analytics.business.uconn.edu/ms-in-business-analytics-and-project-management-msbapm/,analytics.business.uconn.edu,program_home,program,confirmed,html,yes,true,2026-10-02
pg-0023,https://analytics.business.uconn.edu/faq/,analytics.business.uconn.edu,faq,program,confirmed,html,yes,true,2026-10-02
pg-0024,https://analytics.business.uconn.edu/cost-financial-aid/,analytics.business.uconn.edu,tuition,program,confirmed,html,yes,true,2026-10-02
pg-0025,https://www.bu.edu/questrom/graduate-programs/specialty-masters-programs/ms-in-business-analytics/,www.bu.edu,program_home,program,confirmed,html,yes,true,2026-10-02
pg-0026,https://www.bu.edu/questrom/graduate-programs/specialty-masters-programs/ms-in-business-analytics/admissions/,www.bu.edu,admissions,program,confirmed,html,yes,true,2026-10-02
pg-0028,https://datascience.uchicago.edu/education/masters-programs/in-person-program/,datascience.uchicago.edu,program_home,program,confirmed,html,yes,true,2026-10-02
pg-0029,https://datascience.uchicago.edu/education/masters-programs/ms-in-applied-data-science/how-to-apply/,datascience.uchicago.edu,admissions,program,confirmed,html,yes,true,2026-10-02
pg-0030,https://datascience.uchicago.edu/education/masters-programs/ms-in-applied-data-science/faqs/,datascience.uchicago.edu,faq,program,confirmed,html,yes,true,2026-10-02
pg-0031,https://stat.wisc.edu/graduate-admissions/ms-program/,stat.wisc.edu,program_home,program,confirmed,html,yes,true,2026-10-02
pg-0032,https://stat.wisc.edu/graduate-admissions/data-science-option/,stat.wisc.edu,program_home,program,confirmed,html,yes,true,2026-10-02
pg-0033,https://stat.wisc.edu/graduate-admissions/,stat.wisc.edu,admissions,department,confirmed,html,yes,true,2026-10-02
pg-0034,https://ma.stat.columbia.edu/,ma.stat.columbia.edu,program_home,program,confirmed,html,yes,false,2026-10-02
pg-0035,https://ma.stat.columbia.edu/applications-checklist/,ma.stat.columbia.edu,requirements,program,confirmed,html,yes,false,2026-10-02
pg-0036,https://ma.stat.columbia.edu/admissions-faq/,ma.stat.columbia.edu,faq,program,confirmed,html,yes,false,2026-10-02
pg-0037,https://www.gsas.columbia.edu/content/statistics-ma,www.gsas.columbia.edu,admissions,graduate_school,confirmed,html,yes,false,2026-10-02
pg-0038,https://stat.illinois.edu/academics/graduate-programs/ms-statistics,stat.illinois.edu,program_home,program,retired,html,no,false,2026-10-02
pg-0039,https://stat.illinois.edu/academics/graduate-programs/application-requirements,stat.illinois.edu,requirements,department,confirmed,html,no,false,2026-10-02
pg-0040,https://econ.wisc.edu/msqe/,econ.wisc.edu,program_home,program,confirmed,html,yes,true,2026-10-02
pg-0041,https://econ.wisc.edu/msqe-admissions/,econ.wisc.edu,admissions,program,confirmed,html,yes,true,2026-10-02
pg-0043,https://dornsife.usc.edu/econ/masters/ms-aee/,dornsife.usc.edu,program_home,program,confirmed,html,no,false,2026-10-03
pg-0044,https://dornsife.usc.edu/econ/masters/ms-aee-admissions/,dornsife.usc.edu,admissions,program,confirmed,html,no,false,2026-10-03
pg-0045,https://econ.jhu.edu/graduate/masters-in-economics/,econ.jhu.edu,program_home,program,confirmed,html,no,false,2026-10-03
pg-0046,https://krieger.jhu.edu/graduate-admissions/programs-and-deadlines/,krieger.jhu.edu,deadlines,graduate_school,confirmed,html,no,false,2026-10-03
pg-0047,https://krieger.jhu.edu/graduate-admissions/apply/exams/,krieger.jhu.edu,requirements,graduate_school,confirmed,html,no,false,2026-10-03
pg-0048,https://master.econ.ucla.edu/,master.econ.ucla.edu,program_home,program,confirmed,html,yes,true,2026-10-03
pg-0049,https://master.econ.ucla.edu/admissions/,master.econ.ucla.edu,admissions,program,confirmed,html,yes,true,2026-10-03
pg-0050,https://grad.ucla.edu/requirements/?app=admission&major=00HB,grad.ucla.edu,requirements,graduate_school,confirmed,html,yes,true,2026-10-03
pg-0051,https://www.engineering.columbia.edu/admissions-aid/graduate-admissions/apply-now,www.engineering.columbia.edu,admissions,graduate_school,confirmed,html,yes,false,2026-10-03
pg-0052,https://analytics.business.uconn.edu/apply/,analytics.business.uconn.edu,admissions,program,confirmed,html,yes,true,2026-10-03
pg-0053,https://www.gsas.columbia.edu/content/admissions-deadlines,www.gsas.columbia.edu,deadlines,graduate_school,confirmed,html,yes,false,2026-10-03
pg-0054,https://www.fuqua.duke.edu/programs/mqm-business-analytics,www.fuqua.duke.edu,program_home,program,confirmed,html,yes,true,2026-10-03
pg-0055,https://www.fuqua.duke.edu/programs/mqm-business-analytics/application-instructions,www.fuqua.duke.edu,admissions,program,confirmed,html,yes,true,2026-10-03
pg-0056,https://www.fuqua.duke.edu/programs/mqm-business-analytics/admissions-facts-dates,www.fuqua.duke.edu,deadlines,program,confirmed,html,yes,true,2026-10-03
pg-0057,https://www.fuqua.duke.edu/programs/mqm-business-analytics/faq,www.fuqua.duke.edu,faq,program,confirmed,html,yes,true,2026-10-03
pg-0058,https://simon.rochester.edu/programs/full-time-ms-in-business-analytics,simon.rochester.edu,program_home,program,confirmed,html,yes,false,2026-10-03
pg-0059,https://simon.rochester.edu/programs/full-time-ms/admissions,simon.rochester.edu,admissions,department,confirmed,html,yes,false,2026-10-03
pg-0060,https://simon.rochester.edu/programs/full-time-ms/admissions/admissions-faqs,simon.rochester.edu,faq,department,confirmed,html,yes,false,2026-10-03
pg-0061,https://carey.jhu.edu/programs/master-science/business-analytics-artificial-intelligence,carey.jhu.edu,program_home,program,confirmed,html,no,false,2026-10-03
pg-0062,https://carey.jhu.edu/admissions/how-to-apply/ms-full-time,carey.jhu.edu,admissions,department,confirmed,html,no,false,2026-10-03
pg-0063,https://carey.jhu.edu/admissions/deadlines,carey.jhu.edu,deadlines,department,confirmed,html,no,false,2026-10-03
pg-0064,https://carey.jhu.edu/admissions/international-applicants,carey.jhu.edu,grad_school_intl,department,confirmed,html,no,false,2026-10-03
pg-0065,https://olin.washu.edu/programs/specialized-masters/ms-in-business-analytics/index.php,olin.washu.edu,program_home,program,confirmed,html,yes,true,2026-10-03
pg-0066,https://olin.washu.edu/programs/specialized-masters/on-campus-smp-apply.php,olin.washu.edu,admissions,department,confirmed,html,yes,true,2026-10-03
pg-0068,https://olin.washu.edu/programs/specialized-masters/ms-in-business-analytics/cost-aid-scholarships.php,olin.washu.edu,tuition,program,confirmed,html,yes,true,2026-10-03
pg-0069,https://catalog.illinois.edu/graduate/las/statistics-ms/,catalog.illinois.edu,program_home,university,confirmed,html,yes,false,2026-10-05
