program_id,page_id,scope_note
columbia-ms-datascience,pg-0001,
nyu-ms-datascience,pg-0003,
nyu-ms-datascience,pg-0004,
nyu-ms-datascience,pg-0005,
nyu-ms-datascience,pg-0006,
unt-ms-datascience,pg-0007,
unt-ms-datascience,pg-0008,
unt-ms-datascience,pg-0009,
uva-ms-datascience,pg-0010,
uva-ms-datascience,pg-0011,
uva-ms-datascience,pg-0012,
uva-ms-datascience,pg-0013,
utd-ms-businessanalytics,pg-0014,
utd-ms-businessanalytics,pg-0015,
utd-ms-businessanalyticscohort,pg-0016,
utd-ms-businessanalyticscohort,pg-0017,
utd-ms-businessanalyticscohort,pg-0018,
utd-ms-businessanalytics,pg-0019,
utd-ms-businessanalyticscohort,pg-0019,
utd-ms-businessanalytics,pg-0020,
utd-ms-businessanalyticscohort,pg-0020,
uconn-ms-businessanalyticsprojectmanagement,pg-0021,
uconn-ms-businessanalyticsprojectmanagement,pg-0023,
uconn-ms-businessanalyticsprojectmanagement,pg-0024,
bu-ms-businessanalytics,pg-0025,
bu-ms-businessanalytics,pg-0026,
uchicago-ms-applieddatascience,pg-0028,
uchicago-ms-applieddatascience,pg-0029,页面同时包含线上版内容，抽取时只取面授版
uchicago-ms-applieddatascience,pg-0030,页面同时包含线上版内容，抽取时只取面授版
uwmadison-ms-statistics,pg-0031,
uwmadison-ms-statisticsdatascience,pg-0032,
uwmadison-ms-statistics,pg-0033,
uwmadison-ms-statisticsdatascience,pg-0033,
columbia-ma-statistics,pg-0034,
columbia-ma-statistics,pg-0035,
columbia-ma-statistics,pg-0036,
columbia-ma-statistics,pg-0037,
uiuc-ms-statistics,pg-0038,"retired 2026-10-06: page now redirects to Microsoft login (login.microsoftonline.com), also in a private window; no longer public"
uiuc-ms-statistics,pg-0039,
uwmadison-ms-quantitativeeconomics,pg-0040,
uwmadison-ms-quantitativeeconomics,pg-0041,
usc-ms-appliedeconomicseconometrics,pg-0043,
usc-ms-appliedeconomicseconometrics,pg-0044,
jhu-ma-economics,pg-0045,
jhu-ma-economics,pg-0046,
jhu-ma-economics,pg-0047,
ucla-other-quantitativeeconomics,pg-0048,
ucla-other-quantitativeeconomics,pg-0049,
ucla-other-quantitativeeconomics,pg-0050,
columbia-ms-datascience,pg-0051,
uconn-ms-businessanalyticsprojectmanagement,pg-0052,
columbia-ma-statistics,pg-0053,
duke-other-mqmbusinessanalytics,pg-0054,
duke-other-mqmbusinessanalytics,pg-0055,
duke-other-mqmbusinessanalytics,pg-0056,
duke-other-mqmbusinessanalytics,pg-0057,
rochester-ms-businessanalytics,pg-0058,
rochester-ms-businessanalytics,pg-0059,
rochester-ms-businessanalytics,pg-0060,
jhu-ms-businessanalyticsai,pg-0061,页面同时包含在职（线上）版内容，抽取时只取全日制面授版；页面中 Admissions 与 Application Deadlines 区块曾为其他项目（MBA/BS in Engineering 双学位）的内容且为 Fall 2026 旧数据（2026-10 P2 发现），抽取时不采用，申请要求与截止日期以 pg-0062 为准
jhu-ms-businessanalyticsai,pg-0062,
jhu-ms-businessanalyticsai,pg-0063,
jhu-ms-businessanalyticsai,pg-0064,
washu-ms-businessanalytics,pg-0065,
washu-ms-businessanalytics,pg-0066,
washu-ms-businessanalytics,pg-0068,
uiuc-ms-statistics,pg-0069,
